#,hydrophobicity_PRAM900101.Tr1221,hydrophobicity_PRAM900101.Tr1331,hydrophobicity_PRAM900101.Tr2332,hydrophobicity_ARGP820101.Tr1221,hydrophobicity_ARGP820101.Tr1331,hydrophobicity_ARGP820101.Tr2332,hydrophobicity_ZIMJ680101.Tr1221,hydrophobicity_ZIMJ680101.Tr1331,hydrophobicity_ZIMJ680101.Tr2332,hydrophobicity_PONP930101.Tr1221,hydrophobicity_PONP930101.Tr1331,hydrophobicity_PONP930101.Tr2332,hydrophobicity_CASG920101.Tr1221,hydrophobicity_CASG920101.Tr1331,hydrophobicity_CASG920101.Tr2332,hydrophobicity_ENGD860101.Tr1221,hydrophobicity_ENGD860101.Tr1331,hydrophobicity_ENGD860101.Tr2332,hydrophobicity_FASG890101.Tr1221,hydrophobicity_FASG890101.Tr1331,hydrophobicity_FASG890101.Tr2332,normwaalsvolume.Tr1221,normwaalsvolume.Tr1331,normwaalsvolume.Tr2332,polarity.Tr1221,polarity.Tr1331,polarity.Tr2332,polarizability.Tr1221,polarizability.Tr1331,polarizability.Tr2332,charge.Tr1221,charge.Tr1331,charge.Tr2332,secondarystruct.Tr1221,secondarystruct.Tr1331,secondarystruct.Tr2332,solventaccess.Tr1221,solventaccess.Tr1331,solventaccess.Tr2332
Positive_0|1,0.0,0.0,0.75,0.0,0.5,0.25,0.25,0.75,0.0,0.0,0.25,0.5,0.25,0.0,0.25,0.25,0.0,0.75,0.0,0.0,0.25,0.5,0.0,0.0,0.75,0.0,0.0,1.0,0.0,0.0,0.0,0.0,0.0,0.5,0.0,0.25,0.0,0.25,0.0
Positive_1|1,1.0,0.0,0.0,1.0,0.0,0.0,0.0,0.0,0.0,1.0,0.0,0.0,1.0,0.0,0.0,1.0,0.0,0.0,0.0,1.0,0.0,1.0,0.0,0.0,0.0,0.0,1.0,1.0,0.0,0.0,0.0,0.0,1.0,0.0,0.0,0.0,1.0,0.0,0.0
Positive_2|1,0.0,0.0,1.0,1.0,0.0,0.0,1.0,0.0,0.0,0.0,0.0,1.0,1.0,0.0,0.0,0.0,0.0,1.0,0.0,0.0,1.0,1.0,0.0,0.0,1.0,0.0,0.0,1.0,0.0,0.0,0.0,0.0,0.0,0.0,0.0,1.0,0.0,0.0,0.0
Positive_3|1,0.0,0.0,0.0,0.0,0.0,1.0,0.0,0.0,1.0,0.0,0.0,0.0,0.0,0.0,1.0,0.0,0.0,0.0,0.0,0.0,0.0,0.0,0.0,1.0,0.0,0.0,0.0,0.0,0.0,1.0,0.0,0.0,0.0,0.0,0.0,0.0,0.0,0.0,0.0
Positive_4|1,0.0,0.0,0.0,0.0,0.0,0.3333333333333333,0.0,0.3333333333333333,0.0,0.3333333333333333,0.3333333333333333,0.0,0.6666666666666666,0.0,0.0,0.3333333333333333,0.0,0.0,0.0,0.0,0.6666666666666666,0.0,0.3333333333333333,0.0,0.3333333333333333,0.0,0.0,0.3333333333333333,0.0,0.3333333333333333,0.0,0.0,0.0,0.0,0.3333333333333333,0.3333333333333333,0.0,0.3333333333333333,0.0
Positive_5|1,0.0,1.0,0.0,0.5,0.5,0.0,0.5,0.5,0.0,0.0,1.0,0.0,1.0,0.0,0.0,0.0,1.0,0.0,0.0,1.0,0.0,0.0,0.0,0.0,0.0,1.0,0.0,0.0,0.0,0.0,0.0,0.0,1.0,0.5,0.0,0.0,1.0,0.0,0.0
Positive_6|1,0.6,0.0,0.0,0.0,0.0,0.0,0.0,0.0,0.0,0.0,0.0,0.0,0.0,0.0,0.0,0.6,0.0,0.0,0.2,0.0,0.0,0.6,0.0,0.0,0.0,0.0,0.6,0.6,0.0,0.0,0.0,0.0,0.6,0.2,0.4,0.0,0.0,0.0,0.6
Positive_7|1,0.0,0.0,0.0,0.5,0.0,0.5,0.0,0.5,0.0,0.5,0.0,0.5,0.5,0.0,0.0,0.5,0.0,0.0,0.0,0.0,0.5,0.0,0.5,0.0,0.5,0.0,0.0,0.0,0.5,0.0,0.0,0.0,0.0,1.0,0.0,0.0,0.0,1.0,0.0
Positive_8|1,0.25,0.125,0.125,0.25,0.125,0.125,0.125,0.125,0.125,0.125,0.25,0.0,0.25,0.0,0.0,0.25,0.125,0.125,0.125,0.125,0.125,0.25,0.125,0.25,0.125,0.125,0.25,0.25,0.125,0.25,0.0,0.125,0.375,0.125,0.25,0.125,0.125,0.125,0.25
Positive_9|1,0.0,0.5,0.5,0.0,1.0,0.0,0.0,1.0,0.0,0.0,1.0,0.0,0.0,1.0,0.0,0.0,0.5,0.5,0.0,1.0,0.0,0.0,0.5,0.5,0.5,0.5,0.0,0.0,0.5,0.5,0.0,0.0,0.5,0.5,0.0,0.5,0.5,0.5,0.0
Positive_10|1,0.5,0.0,0.0,0.0,0.5,0.0,0.0,0.5,0.0,0.0,0.0,0.0,0.0,0.0,0.0,1.0,0.0,0.0,0.5,0.0,0.0,0.5,0.0,0.0,0.0,0.0,0.5,1.0,0.0,0.0,0.0,0.0,0.5,0.0,0.5,0.0,0.0,0.0,0.5
Positive_11|1,0.5,0.0,0.0,0.5,0.0,0.5,0.0,0.5,0.0,1.0,0.0,0.0,1.0,0.0,0.0,1.0,0.0,0.0,0.0,0.5,0.5,0.5,0.0,0.0,0.0,0.0,0.5,1.0,0.0,0.0,0.0,0.0,0.0,0.0,0.5,0.0,0.5,0.5,0.0
Positive_12|1,0.3333333333333333,0.0,0.3333333333333333,0.3333333333333333,0.3333333333333333,0.0,0.0,0.3333333333333333,0.0,0.3333333333333333,0.3333333333333333,0.0,0.3333333333333333,0.0,0.0,0.0,0.3333333333333333,0.0,0.0,0.3333333333333333,0.0,0.0,0.0,1.0,0.0,0.3333333333333333,0.0,0.0,0.0,1.0,0.0,0.3333333333333333,0.3333333333333333,0.6666666666666666,0.0,0.0,0.0,0.3333333333333333,0.3333333333333333
Positive_13|1,0.0,0.6666666666666666,0.0,0.0,0.6666666666666666,0.0,0.0,0.6666666666666666,0.0,0.0,0.6666666666666666,0.0,0.6666666666666666,0.0,0.0,0.0,0.6666666666666666,0.0,0.0,0.6666666666666666,0.0,0.0,0.0,0.0,0.0,0.6666666666666666,0.0,0.0,0.0,0.0,0.0,0.0,0.6666666666666666,0.0,0.0,0.0,0.6666666666666666,0.0,0.0
Positive_14|1,0.0,1.0,0.0,0.0,1.0,0.0,0.0,1.0,0.0,0.0,1.0,0.0,1.0,0.0,0.0,0.0,1.0,0.0,0.0,1.0,0.0,0.0,0.0,0.0,0.0,1.0,0.0,0.0,0.0,0.0,0.0,0.0,1.0,0.0,0.0,0.0,1.0,0.0,0.0
Positive_15|1,0.0,0.0,1.0,0.0,0.0,0.0,0.0,0.0,0.0,0.0,0.0,1.0,0.0,0.0,0.0,0.0,1.0,0.0,0.0,0.0,0.0,0.0,0.0,1.0,0.0,1.0,0.0,0.0,0.0,1.0,0.0,0.0,0.0,1.0,0.0,0.0,0.0,1.0,0.0
Positive_16|1,0.6666666666666666,0.0,0.0,0.0,0.3333333333333333,0.0,0.0,0.3333333333333333,0.0,0.3333333333333333,0.0,0.0,0.0,0.0,0.0,0.3333333333333333,0.0,0.0,0.0,0.0,0.0,0.6666666666666666,0.0,0.0,0.0,0.0,0.6666666666666666,0.3333333333333333,0.0,0.0,0.0,0.0,0.0,0.0,0.0,0.0,0.3333333333333333,0.0,0.3333333333333333
Positive_17|1,1.0,0.0,0.0,0.0,0.0,0.0,0.0,0.0,0.0,1.0,0.0,0.0,0.0,0.0,0.0,1.0,0.0,0.0,1.0,0.0,0.0,0.0,0.0,0.0,0.0,0.0,1.0,0.0,0.0,0.0,0.0,0.0,1.0,0.0,0.0,0.0,1.0,0.0,0.0
Positive_18|1,0.0,1.0,0.0,1.0,0.0,0.0,1.0,0.0,0.0,0.0,1.0,0.0,1.0,0.0,0.0,0.0,1.0,0.0,0.0,1.0,0.0,0.0,0.0,0.0,0.0,1.0,0.0,0.0,0.0,0.0,0.0,0.0,1.0,1.0,0.0,0.0,1.0,0.0,0.0
Positive_19|1,1.0,0.0,0.0,0.0,1.0,0.0,0.0,1.0,0.0,0.0,0.0,0.0,0.0,0.0,0.0,0.0,0.0,0.0,1.0,0.0,0.0,1.0,0.0,0.0,0.0,0.0,1.0,0.0,0.0,0.0,0.0,0.0,1.0,0.0,1.0,0.0,0.0,0.0,1.0
Positive_20|1,0.5,0.0,0.5,0.0,0.5,0.0,0.0,0.5,0.0,0.5,0.0,0.5,0.0,0.5,0.0,0.5,0.0,0.5,0.5,0.0,0.5,0.5,0.5,0.0,0.5,0.0,0.5,0.5,0.5,0.0,0.0,0.0,0.5,0.0,0.5,0.5,0.5,0.0,0.0
Positive_21|1,0.0,0.0,0.0,0.0,0.0,0.0,0.0,0.0,0.0,0.0,0.0,0.0,0.0,0.0,0.0,0.0,0.0,0.0,0.0,0.0,0.0,0.5,0.0,0.0,0.0,0.0,0.0,0.5,0.0,0.0,0.0,0.0,0.0,0.0,0.5,0.0,0.0,0.0,0.0
Positive_22|1,0.5,0.0,0.0,0.0,0.0,0.0,0.0,0.0,0.0,0.5,0.0,0.0,0.0,0.0,0.0,0.5,0.0,0.0,0.5,0.0,0.0,0.5,0.0,0.0,0.0,0.0,0.5,0.5,0.0,0.0,0.0,0.0,0.5,0.0,0.5,0.0,0.5,0.0,0.0
Positive_23|1,0.25,0.25,0.25,0.5,0.5,0.0,0.0,0.5,0.0,0.25,0.25,0.25,0.5,0.5,0.0,0.25,0.25,0.25,0.0,0.5,0.5,0.5,0.0,0.0,0.25,0.25,0.25,0.5,0.0,0.0,0.0,0.0,0.25,0.25,0.25,0.25,0.5,0.0,0.0
Positive_24|1,0.0,1.0,0.0,0.0,1.0,0.0,0.0,1.0,0.0,0.0,1.0,0.0,1.0,0.0,0.0,0.0,1.0,0.0,0.0,1.0,0.0,1.0,0.0,0.0,0.0,1.0,0.0,1.0,0.0,0.0,0.0,0.0,1.0,0.0,1.0,0.0,1.0,0.0,0.0
Positive_25|1,0.5,0.0,0.0,0.0,0.0,0.0,0.0,0.0,0.0,0.5,0.0,0.0,0.0,0.0,0.0,0.5,0.0,0.0,0.5,0.0,0.0,0.0,0.0,0.0,0.0,0.0,0.5,0.0,0.0,0.0,0.0,0.0,0.5,0.0,0.0,0.0,0.5,0.0,0.0
Positive_26|1,0.0,0.5,0.0,0.0,0.5,0.0,0.0,0.5,0.0,0.0,0.5,0.0,0.5,0.0,0.0,0.0,0.5,0.0,0.0,0.5,0.0,0.5,0.0,0.0,0.0,0.5,0.0,0.5,0.0,0.0,0.0,0.0,0.5,0.0,0.5,0.0,0.5,0.0,0.0
Positive_27|1,0.0,0.0,0.0,0.0,0.0,0.0,0.0,0.0,0.0,0.0,0.0,0.0,0.0,0.0,0.0,0.0,0.0,0.0,0.0,0.0,0.0,1.0,0.0,0.0,0.0,0.0,0.0,1.0,0.0,0.0,0.0,0.0,0.0,0.0,1.0,0.0,0.0,0.0,0.0
Negative_0|0,0.1875,0.0625,0.375,0.0625,0.3125,0.25,0.0625,0.3125,0.25,0.125,0.375,0.125,0.3125,0.1875,0.0625,0.1875,0.375,0.0625,0.125,0.125,0.375,0.3125,0.1875,0.125,0.375,0.125,0.125,0.1875,0.0625,0.25,0.125,0.0,0.0,0.1875,0.1875,0.3125,0.125,0.4375,0.125
Negative_1|0,0.0,0.0,1.0,0.0,0.0,0.0,0.0,0.0,0.0,0.0,1.0,0.0,0.0,1.0,0.0,0.0,1.0,0.0,0.0,0.0,1.0,1.0,0.0,0.0,1.0,0.0,0.0,0.0,0.0,0.0,0.0,0.0,0.0,0.0,0.0,1.0,0.0,1.0,0.0
Negative_2|0,0.0,0.0,0.0,0.0,0.0,0.0,0.0,0.0,0.0,0.0,0.0,0.0,0.0,0.0,0.0,0.0,0.0,0.0,0.0,0.0,0.0,0.0,0.0,1.0,0.0,0.0,0.0,0.0,0.0,1.0,0.0,0.0,0.0,0.0,0.0,0.0,0.0,0.0,0.0
Negative_3|0,0.0,0.0,0.0,0.0,1.0,0.0,0.0,1.0,0.0,1.0,0.0,0.0,0.0,0.0,0.0,1.0,0.0,0.0,0.0,0.0,0.0,0.0,0.0,0.0,0.0,0.0,0.0,1.0,0.0,0.0,0.0,0.0,0.0,0.0,0.0,0.0,0.0,1.0,0.0
Negative_4|0,0.0,0.0,1.0,0.0,1.0,0.0,0.0,1.0,0.0,0.0,0.0,1.0,0.0,1.0,0.0,0.0,0.0,1.0,0.0,0.0,1.0,0.0,1.0,0.0,1.0,0.0,0.0,0.0,1.0,0.0,0.0,0.0,0.0,0.0,0.0,1.0,0.0,0.0,0.0
Negative_5|0,0.0,0.0,0.0,0.0,0.5,0.0,0.0,0.5,0.0,0.5,0.0,0.0,0.0,0.0,0.0,0.5,0.0,0.0,0.0,0.0,0.0,0.0,0.0,0.0,0.0,0.0,0.0,0.5,0.0,0.0,0.0,0.0,0.0,0.0,0.0,0.0,0.0,0.5,0.0
Negative_6|0,0.0,0.0,0.6666666666666666,0.0,0.0,0.0,0.0,0.0,0.0,0.0,0.6666666666666666,0.0,0.0,0.6666666666666666,0.0,0.0,0.6666666666666666,0.0,0.0,0.0,0.6666666666666666,0.0,0.6666666666666666,0.0,0.6666666666666666,0.0,0.0,0.0,0.0,0.6666666666666666,0.0,0.0,0.0,0.0,0.0,0.6666666666666666,0.0,0.6666666666666666,0.0
Negative_7|0,0.0,0.0,0.6,0.0,0.0,0.2,0.0,0.0,0.2,0.0,0.6,0.0,0.0,0.6,0.2,0.0,0.6,0.0,0.0,0.0,0.6,0.2,0.4,0.0,0.6,0.0,0.0,0.0,0.0,0.4,0.0,0.0,0.0,0.0,0.0,0.6,0.0,0.6,0.0
Negative_8|0,0.25,0.0,0.5,0.0,0.375,0.0,0.0,0.375,0.0,0.25,0.5,0.0,0.0,0.5,0.0,0.375,0.5,0.0,0.125,0.0,0.5,0.5,0.25,0.0,0.5,0.0,0.25,0.375,0.0,0.25,0.0,0.0,0.0,0.0,0.0,0.5,0.0,0.75,0.25
Negative_9|0,0.2222222222222222,0.2222222222222222,0.2222222222222222,0.0,0.0,0.4444444444444444,0.0,0.4444444444444444,0.0,0.2222222222222222,0.2222222222222222,0.2222222222222222,0.0,0.4444444444444444,0.0,0.0,0.4444444444444444,0.0,0.2222222222222222,0.2222222222222222,0.2222222222222222,0.0,0.4444444444444444,0.0,0.2222222222222222,0.2222222222222222,0.2222222222222222,0.0,0.0,0.4444444444444444,0.4444444444444444,0.0,0.0,0.2222222222222222,0.2222222222222222,0.2222222222222222,0.2222222222222222,0.2222222222222222,0.2222222222222222
Negative_10|0,0.0,0.0,0.3333333333333333,0.0,0.3333333333333333,0.0,0.0,0.3333333333333333,0.0,0.3333333333333333,0.3333333333333333,0.0,0.0,0.3333333333333333,0.0,0.3333333333333333,0.3333333333333333,0.0,0.0,0.0,0.3333333333333333,0.0,0.3333333333333333,0.0,0.3333333333333333,0.0,0.0,0.3333333333333333,0.0,0.3333333333333333,0.0,0.0,0.0,0.0,0.0,0.3333333333333333,0.0,0.6666666666666666,0.0
Negative_11|0,0.3333333333333333,0.0,0.3333333333333333,0.0,0.3333333333333333,0.0,0.0,0.3333333333333333,0.0,0.0,0.3333333333333333,0.0,0.0,0.3333333333333333,0.0,0.0,0.3333333333333333,0.0,0.3333333333333333,0.0,0.3333333333333333,0.3333333333333333,0.3333333333333333,0.0,0.3333333333333333,0.0,0.3333333333333333,0.0,0.0,0.3333333333333333,0.0,0.0,0.3333333333333333,0.0,0.3333333333333333,0.3333333333333333,0.0,0.3333333333333333,0.3333333333333333
Negative_12|0,0.0,0.0,0.3333333333333333,0.0,0.3333333333333333,0.0,0.0,0.3333333333333333,0.0,0.0,0.0,0.3333333333333333,0.0,0.3333333333333333,0.0,0.0,0.0,0.3333333333333333,0.0,0.0,0.3333333333333333,0.0,0.3333333333333333,0.0,0.3333333333333333,0.0,0.0,0.0,0.3333333333333333,0.0,0.0,0.0,0.0,0.0,0.0,0.3333333333333333,0.0,0.0,0.0
Negative_13|0,0.0,0.0,0.0,0.0,0.0,0.0,0.0,0.0,0.0,0.0,0.0,0.0,0.0,0.0,0.0,0.0,0.0,0.0,0.0,0.0,0.0,0.0,0.0,0.0,0.0,0.0,0.0,0.0,0.0,0.0,0.0,0.0,0.0,0.0,0.0,0.0,0.0,0.0,0.0
Negative_14|0,0.0,0.0,0.0,0.0,0.0,0.0,0.0,0.0,0.0,0.0,0.0,0.0,0.0,0.0,0.0,0.0,0.0,0.0,0.0,0.0,0.0,0.0,0.0,0.0,0.0,0.0,0.0,0.0,0.0,0.0,0.0,0.0,0.0,0.0,0.0,0.0,0.0,0.0,0.0
Negative_15|0,0.0,0.0,1.0,0.0,0.0,0.0,0.0,1.0,0.0,0.0,1.0,0.0,0.0,1.0,0.0,1.0,0.0,0.0,0.0,0.0,1.0,0.0,1.0,0.0,1.0,0.0,0.0,0.0,0.0,1.0,0.0,0.0,0.0,0.0,0.0,1.0,0.0,1.0,0.0
Negative_16|0,0.0,0.0,0.0,0.0,0.0,0.0,0.0,1.0,0.0,0.0,0.0,0.0,0.0,0.0,1.0,0.0,0.0,1.0,0.0,0.0,0.0,0.0,0.0,1.0,0.0,0.0,0.0,0.0,0.0,1.0,0.0,0.0,0.0,1.0,0.0,0.0,0.0,0.0,0.0
Negative_17|0,0.0,0.25,0.0,0.0,0.25,0.0,0.0,0.25,0.0,0.0,0.25,0.0,0.25,0.0,0.0,0.0,0.25,0.0,0.5,0.0,0.25,0.0,0.0,0.0,0.0,0.25,0.0,0.0,0.0,0.0,0.0,0.0,0.5,0.0,0.75,0.0,0.25,0.0,0.0
Negative_18|0,0.5555555555555556,0.3333333333333333,0.1111111111111111,0.3333333333333333,0.3333333333333333,0.1111111111111111,0.4444444444444444,0.4444444444444444,0.0,0.2222222222222222,0.2222222222222222,0.2222222222222222,0.6666666666666666,0.0,0.0,0.1111111111111111,0.3333333333333333,0.1111111111111111,0.2222222222222222,0.5555555555555556,0.1111111111111111,0.3333333333333333,0.1111111111111111,0.1111111111111111,0.1111111111111111,0.3333333333333333,0.3333333333333333,0.3333333333333333,0.1111111111111111,0.1111111111111111,0.2222222222222222,0.0,0.5555555555555556,0.2222222222222222,0.3333333333333333,0.0,0.4444444444444444,0.0,0.4444444444444444
Negative_19|0,0.0,1.0,0.0,0.0,1.0,0.0,0.0,1.0,0.0,0.0,1.0,0.0,0.0,1.0,0.0,0.0,1.0,0.0,0.0,1.0,0.0,0.0,0.0,1.0,0.0,1.0,0.0,0.0,0.0,1.0,0.0,0.0,1.0,1.0,0.0,0.0,1.0,0.0,0.0
Negative_20|0,0.1111111111111111,0.1111111111111111,0.4444444444444444,0.1111111111111111,0.3333333333333333,0.1111111111111111,0.1111111111111111,0.3333333333333333,0.1111111111111111,0.1111111111111111,0.3333333333333333,0.2222222222222222,0.2222222222222222,0.4444444444444444,0.0,0.0,0.3333333333333333,0.2222222222222222,0.0,0.0,0.6666666666666666,0.1111111111111111,0.3333333333333333,0.2222222222222222,0.4444444444444444,0.1111111111111111,0.0,0.1111111111111111,0.1111111111111111,0.4444444444444444,0.0,0.0,0.0,0.0,0.1111111111111111,0.5555555555555556,0.1111111111111111,0.2222222222222222,0.1111111111111111
Negative_21|0,0.0,1.0,0.0,1.0,0.0,0.0,1.0,0.0,0.0,0.0,1.0,0.0,1.0,0.0,0.0,0.0,1.0,0.0,0.0,1.0,0.0,1.0,0.0,0.0,0.0,1.0,0.0,1.0,0.0,0.0,0.0,0.0,1.0,0.0,0.0,1.0,1.0,0.0,0.0
Negative_22|0,0.0,0.5,0.0,0.0,0.5,0.0,0.0,0.5,0.0,0.0,0.5,0.0,0.5,0.0,0.0,0.0,0.5,0.0,0.0,0.5,0.0,0.5,0.0,0.0,0.0,0.5,0.0,0.5,0.0,0.0,0.0,0.0,0.5,0.0,0.5,0.0,0.5,0.0,0.0
Negative_23|0,0.0,0.0,0.5,0.0,0.5,0.0,0.0,0.5,0.0,0.0,0.0,0.5,0.5,0.0,0.0,0.0,0.0,0.5,0.0,0.0,0.5,0.5,0.0,0.0,0.5,0.0,0.0,0.5,0.0,0.0,0.0,0.0,0.0,0.0,0.5,0.0,0.0,0.0,0.0
Negative_24|0,0.0,0.0,0.0,0.0,0.0,0.0,0.0,0.0,0.0,0.0,0.0,0.0,0.0,0.0,0.0,0.0,0.0,0.0,0.0,0.0,0.0,0.0,0.0,0.0,0.0,0.0,0.0,0.0,0.0,0.0,0.0,0.0,0.0,0.0,0.0,0.0,0.0,0.0,0.0
Negative_25|0,0.0,0.2,0.4,0.0,0.2,0.2,0.0,0.2,0.2,0.0,0.6,0.0,0.4,0.2,0.2,0.0,0.6,0.0,0.0,0.2,0.4,0.2,0.2,0.2,0.4,0.2,0.0,0.0,0.0,0.4,0.0,0.0,0.0,0.2,0.0,0.4,0.2,0.4,0.0
Negative_26|0,0.0,0.2857142857142857,0.2857142857142857,0.0,0.5714285714285714,0.0,0.0,0.5714285714285714,0.0,0.0,0.2857142857142857,0.2857142857142857,0.5714285714285714,0.0,0.0,0.14285714285714285,0.42857142857142855,0.14285714285714285,0.0,0.2857142857142857,0.2857142857142857,0.14285714285714285,0.14285714285714285,0.14285714285714285,0.2857142857142857,0.2857142857142857,0.0,0.14285714285714285,0.14285714285714285,0.14285714285714285,0.0,0.0,0.2857142857142857,0.14285714285714285,0.14285714285714285,0.14285714285714285,0.2857142857142857,0.2857142857142857,0.0
Negative_27|0,0.375,0.125,0.3125,0.1875,0.0625,0.375,0.1875,0.125,0.3125,0.1875,0.5625,0.0,0.5625,0.1875,0.0,0.0625,0.4375,0.0,0.1875,0.3125,0.4375,0.125,0.4375,0.125,0.375,0.1875,0.1875,0.0625,0.0,0.5625,0.3125,0.0625,0.1875,0.125,0.3125,0.3125,0.0625,0.3125,0.4375
Negative_28|0,0.0,0.0,1.0,0.0,0.0,1.0,0.0,1.0,0.0,0.0,0.0,1.0,0.0,0.0,0.0,0.0,0.0,1.0,0.0,0.0,0.0,1.0,0.0,0.0,1.0,0.0,0.0,1.0,0.0,0.0,0.0,0.0,0.0,0.0,0.0,0.0,0.0,0.0,0.0
Negative_29|0,0.14285714285714285,0.0,0.42857142857142855,0.14285714285714285,0.14285714285714285,0.14285714285714285,0.0,0.14285714285714285,0.14285714285714285,0.14285714285714285,0.42857142857142855,0.0,0.0,0.42857142857142855,0.14285714285714285,0.2857142857142857,0.42857142857142855,0.0,0.14285714285714285,0.0,0.42857142857142855,0.14285714285714285,0.42857142857142855,0.0,0.42857142857142855,0.0,0.14285714285714285,0.14285714285714285,0.14285714285714285,0.2857142857142857,0.14285714285714285,0.0,0.0,0.0,0.14285714285714285,0.42857142857142855,0.14285714285714285,0.5714285714285714,0.0
Negative_30|0,0.0,0.0,0.5,0.0,0.16666666666666666,0.16666666666666666,0.0,0.16666666666666666,0.16666666666666666,0.16666666666666666,0.5,0.0,0.0,0.5,0.16666666666666666,0.16666666666666666,0.5,0.0,0.0,0.0,0.5,0.16666666666666666,0.3333333333333333,0.0,0.5,0.0,0.0,0.16666666666666666,0.0,0.3333333333333333,0.0,0.0,0.0,0.0,0.0,0.5,0.0,0.6666666666666666,0.0
Negative_31|0,0.0,0.5,0.0,0.0,0.5,0.0,0.0,0.5,0.0,0.0,0.5,0.0,0.5,0.0,0.0,0.0,0.5,0.0,0.0,0.5,0.0,0.0,0.0,0.0,0.0,0.5,0.0,0.0,0.0,0.0,0.0,0.0,0.5,0.0,0.0,0.0,0.5,0.0,0.0
Negative_32|0,0.5555555555555556,0.2222222222222222,0.0,0.2222222222222222,0.5555555555555556,0.1111111111111111,0.1111111111111111,0.5555555555555556,0.1111111111111111,0.3333333333333333,0.2222222222222222,0.0,0.3333333333333333,0.2222222222222222,0.0,0.1111111111111111,0.2222222222222222,0.0,0.2222222222222222,0.3333333333333333,0.2222222222222222,0.4444444444444444,0.1111111111111111,0.1111111111111111,0.0,0.2222222222222222,0.5555555555555556,0.3333333333333333,0.0,0.2222222222222222,0.0,0.0,0.5555555555555556,0.1111111111111111,0.3333333333333333,0.1111111111111111,0.3333333333333333,0.0,0.4444444444444444
Negative_33|0,1.0,0.0,0.0,0.0,0.0,1.0,0.0,0.0,1.0,0.0,0.0,0.0,0.0,0.0,0.0,0.0,0.0,0.0,1.0,0.0,0.0,0.0,1.0,0.0,0.0,0.0,1.0,0.0,0.0,1.0,1.0,0.0,0.0,0.0,1.0,0.0,0.0,0.0,1.0
Negative_34|0,0.3333333333333333,0.0,0.0,0.0,0.0,0.3333333333333333,0.0,0.3333333333333333,0.0,0.3333333333333333,0.0,0.0,0.0,0.0,0.0,0.0,0.0,0.0,0.3333333333333333,0.0,0.0,0.0,0.3333333333333333,0.0,0.0,0.0,0.3333333333333333,0.0,0.0,0.3333333333333333,0.3333333333333333,0.0,0.0,0.0,0.3333333333333333,0.0,0.0,0.0,0.3333333333333333
Negative_35|0,0.0,0.0,0.0,0.0,0.0,0.0,0.0,0.0,0.0,0.0,0.0,0.0,0.0,0.0,0.0,0.0,0.0,0.0,0.0,0.0,0.0,0.0,0.0,0.0,0.0,0.0,0.0,0.0,0.0,0.0,0.0,0.0,0.0,0.0,0.0,0.0,0.0,0.0,0.0
Negative_36|0,0.2,0.0,0.2,0.0,0.0,0.4,0.0,0.2,0.2,0.2,0.2,0.0,0.0,0.2,0.2,0.0,0.2,0.0,0.2,0.0,0.2,0.0,0.4,0.2,0.2,0.0,0.2,0.0,0.0,0.6,0.2,0.0,0.0,0.0,0.2,0.2,0.0,0.2,0.2
Negative_37|0,0.0,1.0,0.0,0.0,1.0,0.0,0.0,1.0,0.0,0.0,1.0,0.0,0.0,1.0,0.0,0.0,1.0,0.0,0.0,0.0,1.0,0.0,0.0,0.0,0.0,1.0,0.0,0.0,0.0,0.0,0.0,0.0,0.0,0.0,0.0,1.0,1.0,0.0,0.0
Negative_38|0,0.0,0.0,0.0,0.0,0.0,0.0,0.0,0.0,0.0,0.0,0.0,0.0,0.0,0.0,0.0,0.0,0.0,0.0,0.0,0.0,0.0,0.0,0.0,0.0,0.0,0.0,0.0,0.0,0.0,0.0,0.0,0.0,0.0,0.0,0.0,0.0,0.0,0.0,0.0
Negative_39|0,0.3333333333333333,0.0,0.3333333333333333,0.0,0.6666666666666666,0.3333333333333333,0.0,1.0,0.0,0.6666666666666666,0.0,0.3333333333333333,0.0,0.3333333333333333,0.0,0.3333333333333333,0.0,0.3333333333333333,0.3333333333333333,0.0,0.3333333333333333,0.0,0.6666666666666666,0.0,0.3333333333333333,0.0,0.3333333333333333,0.3333333333333333,0.3333333333333333,0.3333333333333333,0.3333333333333333,0.0,0.0,0.0,0.3333333333333333,0.3333333333333333,0.0,0.3333333333333333,0.3333333333333333
Negative_40|0,0.0,1.0,0.0,0.0,1.0,0.0,0.0,1.0,0.0,0.0,1.0,0.0,0.0,1.0,0.0,0.0,1.0,0.0,0.0,1.0,0.0,1.0,0.0,0.0,0.0,1.0,0.0,1.0,0.0,0.0,0.0,0.0,1.0,0.0,0.0,1.0,1.0,0.0,0.0
Negative_41|0,0.0,0.0,1.0,0.0,0.0,1.0,0.0,1.0,0.0,0.0,0.0,1.0,0.0,0.0,1.0,0.0,0.0,1.0,0.0,0.0,0.0,1.0,0.0,0.0,1.0,0.0,0.0,1.0,0.0,0.0,0.0,0.0,0.0,1.0,0.0,0.0,0.0,0.0,0.0
Negative_42|0,0.0,0.0,1.0,0.0,1.0,0.0,0.0,0.0,0.0,0.0,0.0,1.0,0.0,1.0,0.0,0.0,0.0,0.0,0.0,0.0,1.0,0.0,1.0,0.0,1.0,0.0,0.0,0.0,1.0,0.0,0.0,0.0,0.0,0.0,0.0,1.0,0.0,0.0,0.0
Negative_43|0,0.16666666666666666,0.0,0.16666666666666666,0.16666666666666666,0.5,0.0,0.0,0.5,0.0,0.3333333333333333,0.0,0.16666666666666666,0.0,0.16666666666666666,0.0,0.5,0.0,0.16666666666666666,0.16666666666666666,0.0,0.16666666666666666,0.0,0.3333333333333333,0.0,0.16666666666666666,0.0,0.16666666666666666,0.3333333333333333,0.3333333333333333,0.0,0.16666666666666666,0.0,0.0,0.0,0.16666666666666666,0.16666666666666666,0.16666666666666666,0.3333333333333333,0.0
Negative_44|0,0.16666666666666666,0.0,0.3333333333333333,0.16666666666666666,0.6666666666666666,0.0,0.0,0.6666666666666666,0.0,0.3333333333333333,0.0,0.3333333333333333,0.0,0.3333333333333333,0.0,0.5,0.0,0.3333333333333333,0.16666666666666666,0.0,0.3333333333333333,0.0,0.5,0.0,0.3333333333333333,0.0,0.16666666666666666,0.3333333333333333,0.5,0.0,0.16666666666666666,0.0,0.0,0.0,0.16666666666666666,0.3333333333333333,0.16666666666666666,0.3333333333333333,0.0
Negative_45|0,0.0,0.0,0.2,0.0,0.2,0.2,0.0,0.2,0.2,0.2,0.2,0.0,0.0,0.2,0.2,0.2,0.2,0.0,0.0,0.0,0.2,0.0,0.2,0.2,0.2,0.0,0.0,0.2,0.0,0.4,0.0,0.0,0.0,0.0,0.0,0.2,0.0,0.4,0.0
Negative_46|0,0.15384615384615385,0.07692307692307693,0.15384615384615385,0.15384615384615385,0.15384615384615385,0.15384615384615385,0.07692307692307693,0.15384615384615385,0.15384615384615385,0.15384615384615385,0.15384615384615385,0.07692307692307693,0.07692307692307693,0.15384615384615385,0.15384615384615385,0.3076923076923077,0.23076923076923078,0.0,0.15384615384615385,0.07692307692307693,0.15384615384615385,0.0,0.3076923076923077,0.23076923076923078,0.15384615384615385,0.07692307692307693,0.15384615384615385,0.15384615384615385,0.15384615384615385,0.38461538461538464,0.23076923076923078,0.0,0.0,0.07692307692307693,0.15384615384615385,0.15384615384615385,0.23076923076923078,0.3076923076923077,0.0
Negative_47|0,0.125,0.0,0.25,0.25,0.125,0.125,0.125,0.125,0.125,0.125,0.125,0.125,0.125,0.125,0.125,0.25,0.125,0.125,0.125,0.0,0.25,0.125,0.25,0.125,0.25,0.0,0.125,0.25,0.125,0.25,0.125,0.0,0.0,0.0,0.125,0.25,0.125,0.25,0.0
Negative_48|0,0.0,0.0,0.4,0.2,0.2,0.2,0.2,0.2,0.2,0.2,0.2,0.2,0.4,0.0,0.4,0.2,0.2,0.2,0.0,0.0,0.4,0.0,0.4,0.4,0.4,0.0,0.0,0.2,0.2,0.6,0.0,0.0,0.0,0.2,0.2,0.2,0.0,0.8,0.0
Negative_49|0,0.42857142857142855,0.0,0.14285714285714285,0.14285714285714285,0.14285714285714285,0.42857142857142855,0.0,0.14285714285714285,0.42857142857142855,0.14285714285714285,0.14285714285714285,0.0,0.0,0.14285714285714285,0.14285714285714285,0.2857142857142857,0.14285714285714285,0.0,0.42857142857142855,0.0,0.14285714285714285,0.14285714285714285,0.42857142857142855,0.0,0.14285714285714285,0.0,0.42857142857142855,0.14285714285714285,0.14285714285714285,0.2857142857142857,0.42857142857142855,0.0,0.0,0.0,0.42857142857142855,0.14285714285714285,0.14285714285714285,0.2857142857142857,0.2857142857142857
Negative_50|0,0.0,0.0,0.5,0.0,0.5,0.0,0.0,0.5,0.0,0.0,0.0,0.5,0.5,0.0,0.0,0.0,0.0,0.5,0.0,0.0,0.5,0.5,0.0,0.0,0.5,0.0,0.0,0.5,0.0,0.0,0.0,0.0,0.0,0.0,0.5,0.0,0.0,0.0,0.0
Negative_51|0,0.0,0.0,1.0,0.0,1.0,0.0,0.0,1.0,0.0,0.0,0.0,1.0,0.0,1.0,0.0,0.0,0.0,1.0,0.0,0.0,1.0,1.0,0.0,0.0,1.0,0.0,0.0,1.0,0.0,0.0,0.0,0.0,0.0,0.0,0.0,1.0,0.0,0.0,0.0
Negative_52|0,0.2,0.0,0.2,0.2,0.2,0.2,0.0,0.2,0.2,0.0,0.0,0.2,0.0,0.2,0.2,0.2,0.0,0.2,0.2,0.0,0.2,0.0,0.4,0.2,0.2,0.0,0.2,0.0,0.4,0.2,0.2,0.0,0.0,0.0,0.2,0.2,0.2,0.0,0.0
Negative_53|0,0.0,1.0,0.0,0.0,0.0,1.0,0.0,1.0,0.0,0.0,0.0,1.0,0.0,1.0,0.0,0.0,1.0,0.0,0.0,1.0,0.0,0.0,0.0,0.0,0.0,1.0,0.0,0.0,0.0,0.0,1.0,0.0,0.0,1.0,0.0,0.0,1.0,0.0,0.0
Negative_54|0,0.1,0.2,0.4,0.3,0.1,0.2,0.1,0.2,0.1,0.2,0.4,0.1,0.3,0.2,0.2,0.1,0.5,0.1,0.0,0.3,0.2,0.2,0.4,0.2,0.3,0.2,0.1,0.1,0.3,0.3,0.0,0.1,0.1,0.4,0.3,0.1,0.2,0.2,0.1
Negative_55|0,0.23684210526315788,0.05263157894736842,0.39473684210526316,0.05263157894736842,0.23684210526315788,0.18421052631578946,0.02631578947368421,0.2631578947368421,0.15789473684210525,0.07894736842105263,0.3684210526315789,0.07894736842105263,0.23684210526315788,0.21052631578947367,0.05263157894736842,0.23684210526315788,0.3157894736842105,0.13157894736842105,0.23684210526315788,0.10526315789473684,0.34210526315789475,0.5,0.18421052631578946,0.07894736842105263,0.3684210526315789,0.07894736842105263,0.2631578947368421,0.34210526315789475,0.07894736842105263,0.18421052631578946,0.02631578947368421,0.02631578947368421,0.02631578947368421,0.23684210526315788,0.2631578947368421,0.2631578947368421,0.07894736842105263,0.3684210526315789,0.21052631578947367
Negative_56|0,0.0,0.0,0.6666666666666666,0.0,0.6666666666666666,0.0,0.0,0.6666666666666666,0.0,0.0,0.0,0.6666666666666666,0.6666666666666666,0.0,0.0,0.0,0.0,0.6666666666666666,0.0,0.0,0.6666666666666666,0.6666666666666666,0.0,0.0,0.6666666666666666,0.0,0.0,0.6666666666666666,0.0,0.0,0.0,0.0,0.0,0.0,0.6666666666666666,0.0,0.0,0.0,0.0
Negative_57|0,0.3,0.2,0.2,0.0,0.5,0.1,0.1,0.6,0.0,0.0,0.3,0.1,0.1,0.2,0.2,0.4,0.2,0.0,0.2,0.1,0.2,0.3,0.1,0.2,0.1,0.3,0.3,0.2,0.0,0.3,0.0,0.0,0.0,0.2,0.0,0.4,0.2,0.2,0.3
Negative_58|0,0.16666666666666666,0.3333333333333333,0.16666666666666666,0.0,0.3333333333333333,0.16666666666666666,0.0,0.5,0.0,0.0,0.3333333333333333,0.16666666666666666,0.3333333333333333,0.16666666666666666,0.3333333333333333,0.0,0.5,0.0,0.16666666666666666,0.3333333333333333,0.16666666666666666,0.16666666666666666,0.16666666666666666,0.16666666666666666,0.16666666666666666,0.3333333333333333,0.16666666666666666,0.0,0.0,0.3333333333333333,0.16666666666666666,0.0,0.3333333333333333,0.3333333333333333,0.16666666666666666,0.16666666666666666,0.3333333333333333,0.16666666666666666,0.16666666666666666
Negative_59|0,0.3333333333333333,0.0,0.3333333333333333,0.0,0.3333333333333333,0.0,0.0,0.3333333333333333,0.0,0.0,0.3333333333333333,0.0,0.3333333333333333,0.0,0.3333333333333333,0.0,0.3333333333333333,0.0,0.3333333333333333,0.0,0.3333333333333333,0.3333333333333333,0.3333333333333333,0.0,0.3333333333333333,0.0,0.3333333333333333,0.0,0.0,0.3333333333333333,0.0,0.0,0.3333333333333333,0.0,0.3333333333333333,0.3333333333333333,0.0,0.3333333333333333,0.3333333333333333
Negative_60|0,1.0,0.0,0.0,0.0,0.0,1.0,0.0,1.0,0.0,1.0,0.0,0.0,0.0,0.0,0.0,0.0,0.0,0.0,1.0,0.0,0.0,0.0,1.0,0.0,0.0,0.0,1.0,0.0,0.0,1.0,1.0,0.0,0.0,0.0,1.0,0.0,0.0,0.0,1.0
