id	hydrophobicity_PRAM900101.Tr1221	hydrophobicity_PRAM900101.Tr1331	hydrophobicity_PRAM900101.Tr2332	hydrophobicity_ARGP820101.Tr1221	hydrophobicity_ARGP820101.Tr1331	hydrophobicity_ARGP820101.Tr2332	hydrophobicity_ZIMJ680101.Tr1221	hydrophobicity_ZIMJ680101.Tr1331	hydrophobicity_ZIMJ680101.Tr2332	hydrophobicity_PONP930101.Tr1221	hydrophobicity_PONP930101.Tr1331	hydrophobicity_PONP930101.Tr2332	hydrophobicity_CASG920101.Tr1221	hydrophobicity_CASG920101.Tr1331	hydrophobicity_CASG920101.Tr2332	hydrophobicity_ENGD860101.Tr1221	hydrophobicity_ENGD860101.Tr1331	hydrophobicity_ENGD860101.Tr2332	hydrophobicity_FASG890101.Tr1221	hydrophobicity_FASG890101.Tr1331	hydrophobicity_FASG890101.Tr2332	normwaalsvolume.Tr1221	normwaalsvolume.Tr1331	normwaalsvolume.Tr2332	polarity.Tr1221	polarity.Tr1331	polarity.Tr2332	polarizability.Tr1221	polarizability.Tr1331	polarizability.Tr2332	charge.Tr1221	charge.Tr1331	charge.Tr2332	secondarystruct.Tr1221	secondarystruct.Tr1331	secondarystruct.Tr2332	solventaccess.Tr1221	solventaccess.Tr1331	solventaccess.Tr2332
1	0.0	0.0	0.0	0.5	0.0	0.0	1.0	0.0	0.0	0.5	0.0	0.0	0.0	0.0	0.0	0.0	0.0	0.0	0.0	0.0	0.0	0.0	0.0	0.5	0.0	0.0	0.0	0.0	0.0	0.5	0.0	0.5	0.0	0.0	0.0	0.0	0.0	0.0	0.0
1	0.0	0.0	1.0	0.0	0.0	0.0	1.0	0.0	0.0	0.0	0.0	1.0	0.0	0.0	0.0	0.0	0.0	1.0	0.0	0.0	0.0	1.0	0.0	0.0	1.0	0.0	0.0	1.0	0.0	0.0	0.0	0.0	0.0	1.0	0.0	0.0	0.0	0.0	0.0
1	0.4285714285714285	0.0	0.2857142857142857	0.1428571428571428	0.1428571428571428	0.1428571428571428	0.1428571428571428	0.2857142857142857	0.0	0.2857142857142857	0.1428571428571428	0.1428571428571428	0.1428571428571428	0.0	0.0	0.4285714285714285	0.0	0.2857142857142857	0.2857142857142857	0.1428571428571428	0.0	0.5714285714285714	0.1428571428571428	0.0	0.2857142857142857	0.0	0.4285714285714285	0.5714285714285714	0.1428571428571428	0.0	0.1428571428571428	0.0	0.2857142857142857	0.0	0.5714285714285714	0.0	0.2857142857142857	0.1428571428571428	0.1428571428571428
1	0.25	0.0	0.0	0.75	0.0	0.0	0.25	0.0	0.0	0.5	0.0	0.0	0.5	0.0	0.0	0.25	0.0	0.0	0.0	0.5	0.0	0.25	0.0	0.25	0.0	0.0	0.25	0.25	0.0	0.25	0.25	0.0	0.5	0.0	0.25	0.0	0.25	0.25	0.0
1	0.0	0.0	0.0	0.0	0.0	0.0	0.0	0.0	0.0	0.0	0.0	0.0	0.0	0.0	1.0	0.0	0.0	0.0	0.0	0.0	0.0	0.0	1.0	0.0	0.0	0.0	0.0	0.0	0.0	1.0	0.0	0.0	0.0	1.0	0.0	0.0	0.0	1.0	0.0
1	1.0	0.0	0.0	0.0	0.0	0.0	0.0	0.0	0.0	1.0	0.0	0.0	0.0	0.0	0.0	1.0	0.0	0.0	1.0	0.0	0.0	0.0	0.0	0.0	0.0	0.0	1.0	0.0	0.0	0.0	0.0	0.0	1.0	0.0	0.0	0.0	1.0	0.0	0.0
1	0.0	0.0	0.0	0.0	0.0	0.0	0.0	0.0	0.0	0.0	0.0	0.0	0.0	0.0	0.0	0.0	0.0	0.0	0.0	0.0	0.0	1.0	0.0	0.0	0.0	0.0	0.0	1.0	0.0	0.0	0.0	0.0	0.0	0.0	1.0	0.0	0.0	0.0	0.0
1	0.0	0.5	0.0	0.0	0.5	0.0	0.0	0.5	0.0	0.0	0.5	0.0	0.5	0.0	0.0	0.0	0.5	0.0	0.0	0.5	0.0	0.0	0.0	0.0	0.0	0.5	0.0	0.0	0.0	0.0	0.0	0.0	0.5	0.0	0.0	0.0	0.5	0.0	0.0
1	0.0	0.0	0.5	0.5	0.0	0.5	0.5	0.0	0.5	0.0	0.0	0.5	0.5	0.0	0.0	0.0	0.0	0.5	0.0	0.0	0.5	0.5	0.0	0.0	0.5	0.0	0.0	0.5	0.0	0.0	0.0	0.0	0.0	0.5	0.0	0.5	0.0	0.0	0.0
1	0.4285714285714285	0.0	0.2857142857142857	0.1428571428571428	0.1428571428571428	0.1428571428571428	0.2857142857142857	0.2857142857142857	0.0	0.4285714285714285	0.1428571428571428	0.1428571428571428	0.2857142857142857	0.0	0.0	0.4285714285714285	0.0	0.2857142857142857	0.2857142857142857	0.2857142857142857	0.0	0.4285714285714285	0.2857142857142857	0.0	0.2857142857142857	0.0	0.4285714285714285	0.4285714285714285	0.2857142857142857	0.0	0.2857142857142857	0.0	0.1428571428571428	0.0	0.4285714285714285	0.0	0.4285714285714285	0.1428571428571428	0.0
1	0.0	0.0	0.0	0.0	0.0	0.0	0.0	0.0	0.0	0.0	0.0	0.0	0.0	0.0	0.0	0.0	0.0	0.0	0.0	0.0	0.0	0.0	0.0	0.0	0.0	0.0	0.0	0.0	0.0	0.0	0.0	0.0	0.0	0.0	0.0	0.0	0.0	0.0	0.0
1	0.0	0.0	0.5	0.5	0.0	0.0	0.5	0.0	0.0	0.0	0.0	0.5	0.5	0.0	0.0	0.0	0.0	0.5	0.0	0.0	0.5	0.5	0.0	0.0	0.5	0.0	0.0	0.5	0.0	0.0	0.0	0.0	0.0	0.0	0.0	0.5	0.0	0.0	0.0
1	0.0	0.0	0.0	0.0	0.0	0.0	0.0	0.0	0.0	0.0	0.0	0.0	0.0	0.0	0.0	0.0	0.0	0.0	0.0	0.0	0.0	0.0	0.0	0.0	0.0	0.0	0.0	0.0	0.0	0.0	0.0	0.0	0.0	0.0	0.0	0.0	0.0	0.0	0.0
1	0.4	0.0	0.2	0.2	0.2	0.2	0.0	0.4	0.0	0.2	0.4	0.2	0.6	0.0	0.0	0.2	0.0	0.2	0.0	0.4	0.2	0.4	0.2	0.2	0.4	0.2	0.2	0.4	0.0	0.4	0.2	0.2	0.2	0.2	0.4	0.2	0.0	0.2	0.4
1	0.0	0.0	1.0	1.0	0.0	0.0	1.0	0.0	0.0	0.0	0.0	1.0	0.0	1.0	0.0	0.0	0.0	1.0	0.0	0.0	1.0	0.0	0.0	0.0	1.0	0.0	0.0	1.0	0.0	0.0	0.0	0.0	0.0	0.0	0.0	1.0	0.0	0.0	0.0
1	0.0	0.3333333333333333	0.3333333333333333	0.3333333333333333	0.0	0.1666666666666666	0.6666666666666666	0.1666666666666666	0.0	0.1666666666666666	0.1666666666666666	0.3333333333333333	0.5	0.1666666666666666	0.1666666666666666	0.3333333333333333	0.5	0.1666666666666666	0.0	0.6666666666666666	0.0	0.1666666666666666	0.3333333333333333	0.1666666666666666	0.1666666666666666	0.3333333333333333	0.3333333333333333	0.1666666666666666	0.3333333333333333	0.1666666666666666	0.3333333333333333	0.0	0.0	0.3333333333333333	0.1666666666666666	0.1666666666666666	0.3333333333333333	0.5	0.0
1	0.0	0.0	0.0	0.0	0.0	0.0	0.0	0.0	0.0	0.0	0.0	0.0	0.0	0.0	0.0	0.0	0.0	0.0	0.0	0.0	0.0	0.0	0.0	0.0	0.0	0.0	0.0	0.0	0.0	0.0	0.0	0.0	0.3333333333333333	0.0	0.0	0.0	0.0	0.0	0.0
1	0.0	0.0	0.1428571428571428	0.0	0.2857142857142857	0.1428571428571428	0.0	0.2857142857142857	0.1428571428571428	0.1428571428571428	0.1428571428571428	0.1428571428571428	0.1428571428571428	0.1428571428571428	0.1428571428571428	0.2857142857142857	0.1428571428571428	0.0	0.0	0.0	0.2857142857142857	0.0	0.2857142857142857	0.1428571428571428	0.2857142857142857	0.0	0.0	0.1428571428571428	0.1428571428571428	0.2857142857142857	0.0	0.0	0.0	0.0	0.0	0.5714285714285714	0.0	0.4285714285714285	0.0
1	0.0	0.0	0.0	0.0	0.0	0.0	0.0	0.0	0.0	0.0	0.0	0.0	0.0	0.0	0.0	0.0	0.0	0.0	1.0	0.0	0.0	0.0	0.0	0.0	0.0	0.0	0.0	0.0	0.0	0.0	0.0	0.0	1.0	0.0	1.0	0.0	0.0	0.0	0.0
1	0.25	0.25	0.25	0.25	0.25	0.0	0.25	0.25	0.0	0.0	0.5	0.0	0.5	0.0	0.0	0.0	0.5	0.0	0.25	0.25	0.25	0.5	0.0	0.0	0.25	0.25	0.25	0.0	0.0	0.0	0.0	0.0	0.5	0.25	0.5	0.0	0.25	0.25	0.25
1	0.3333333333333333	0.3333333333333333	0.1666666666666666	0.5	0.1666666666666666	0.0	0.3333333333333333	0.1666666666666666	0.0	0.1666666666666666	0.5	0.0	0.6666666666666666	0.0	0.0	0.3333333333333333	0.3333333333333333	0.1666666666666666	0.1666666666666666	0.5	0.1666666666666666	0.3333333333333333	0.1666666666666666	0.1666666666666666	0.1666666666666666	0.3333333333333333	0.3333333333333333	0.3333333333333333	0.1666666666666666	0.1666666666666666	0.0	0.0	0.3333333333333333	0.0	0.6666666666666666	0.0	0.1666666666666666	0.1666666666666666	0.5
1	0.0	0.75	0.0	0.0	0.75	0.0	0.0	0.75	0.0	0.0	0.75	0.0	0.25	0.5	0.0	0.0	0.75	0.0	0.25	0.5	0.25	0.0	0.0	0.0	0.0	0.75	0.0	0.0	0.0	0.0	0.0	0.0	0.75	0.25	0.25	0.25	0.75	0.0	0.0
1	0.0	0.0	0.0	0.0	0.0	0.0	0.0	0.0	0.0	0.0	0.0	0.0	0.0	0.0	0.0	0.0	0.0	0.0	0.0	0.0	0.0	0.0	0.0	0.0	0.0	0.0	0.0	0.0	0.0	0.0	0.0	0.0	0.0	0.0	0.0	0.0	0.0	0.0	0.0
1	1.0	0.0	0.0	0.0	0.0	0.0	0.0	0.0	0.0	0.0	0.0	0.0	0.0	0.0	0.0	1.0	0.0	0.0	0.0	0.0	0.0	1.0	0.0	0.0	0.0	0.0	1.0	1.0	0.0	0.0	0.0	0.0	1.0	0.0	1.0	0.0	0.0	0.0	1.0
1	1.0	0.0	0.0	0.0	0.0	0.0	0.0	0.0	0.0	1.0	0.0	0.0	0.0	0.0	0.0	1.0	0.0	0.0	1.0	0.0	0.0	0.0	0.0	0.0	0.0	0.0	1.0	0.0	0.0	0.0	0.0	0.0	1.0	0.0	0.0	0.0	1.0	0.0	0.0
1	0.0	1.0	0.0	1.0	0.0	0.0	1.0	0.0	0.0	0.0	1.0	0.0	1.0	0.0	0.0	0.0	1.0	0.0	0.0	1.0	0.0	1.0	0.0	0.0	0.0	1.0	0.0	1.0	0.0	0.0	0.0	0.0	1.0	0.0	0.0	1.0	1.0	0.0	0.0
1	0.1666666666666666	0.3333333333333333	0.3333333333333333	0.0	0.0	0.1666666666666666	0.5	0.0	0.1666666666666666	0.0	0.1666666666666666	0.5	0.5	0.1666666666666666	0.1666666666666666	0.1666666666666666	0.5	0.1666666666666666	0.0	0.5	0.1666666666666666	0.3333333333333333	0.5	0.0	0.3333333333333333	0.3333333333333333	0.1666666666666666	0.1666666666666666	0.1666666666666666	0.3333333333333333	0.5	0.0	0.0	0.5	0.0	0.1666666666666666	0.3333333333333333	0.3333333333333333	0.1666666666666666
1	0.2727272727272727	0.1818181818181818	0.0909090909090909	0.3636363636363636	0.0	0.1818181818181818	0.1818181818181818	0.0	0.1818181818181818	0.1818181818181818	0.2727272727272727	0.0	0.4545454545454545	0.0	0.0	0.2727272727272727	0.1818181818181818	0.0909090909090909	0.0	0.2727272727272727	0.1818181818181818	0.5454545454545454	0.0	0.0909090909090909	0.0909090909090909	0.1818181818181818	0.2727272727272727	0.5454545454545454	0.0	0.0909090909090909	0.0909090909090909	0.0	0.3636363636363636	0.1818181818181818	0.4545454545454545	0.0909090909090909	0.2727272727272727	0.1818181818181818	0.1818181818181818
1	0.0	0.0	0.0	0.0	0.0	0.0	0.0	0.0	0.0	0.0	0.0	0.0	0.0	0.0	0.0	0.0	0.0	0.0	0.0	0.0	0.0	0.0	0.0	0.0	0.0	0.0	0.0	0.0	0.0	0.0	0.0	0.0	0.0	0.0	0.0	0.0	0.0	0.0	0.0
1	1.0	0.0	0.0	0.0	1.0	0.0	0.0	1.0	0.0	0.0	0.0	0.0	0.0	0.0	0.0	0.0	0.0	0.0	1.0	0.0	0.0	0.5	0.0	0.0	0.0	0.0	1.0	0.5	0.0	0.0	0.0	0.0	0.5	0.0	0.5	0.0	0.0	0.0	1.0
1	0.0	0.25	0.0	0.0	0.25	0.0	0.0	0.25	0.0	0.0	0.25	0.0	0.25	0.0	0.0	0.0	0.25	0.0	0.0	0.25	0.0	0.0	0.0	0.0	0.0	0.25	0.0	0.0	0.0	0.0	0.0	0.0	0.75	0.0	0.0	0.0	0.25	0.0	0.0
1	0.25	0.0	0.5	0.25	0.0	0.0	0.25	0.0	0.0	0.25	0.0	0.5	0.25	0.0	0.5	0.5	0.5	0.0	0.0	0.0	0.25	0.25	0.75	0.0	0.0	0.5	0.5	0.25	0.25	0.5	0.0	0.0	0.0	0.75	0.0	0.25	0.0	0.5	0.25
1	0.5	0.0	0.25	0.25	0.0	0.0	0.25	0.0	0.0	0.25	0.0	0.25	0.25	0.0	0.0	0.5	0.0	0.25	0.5	0.0	0.25	0.75	0.0	0.0	0.25	0.0	0.5	0.75	0.0	0.0	0.0	0.0	0.5	0.25	0.25	0.25	0.25	0.0	0.25
1	0.4	0.2	0.2	0.4	0.0	0.0	0.4	0.0	0.0	0.2	0.2	0.2	0.4	0.0	0.0	0.4	0.2	0.2	0.4	0.0	0.4	0.6	0.0	0.0	0.2	0.2	0.4	0.6	0.0	0.0	0.0	0.0	0.4	0.2	0.2	0.4	0.4	0.0	0.2
1	0.0	0.6	0.0	0.0	0.6	0.0	0.0	0.6	0.0	0.0	0.6	0.0	0.2	0.4	0.0	0.0	0.6	0.0	0.4	0.2	0.4	0.0	0.0	0.0	0.0	0.6	0.0	0.0	0.0	0.0	0.0	0.0	0.6	0.0	0.4	0.4	0.6	0.0	0.0
1	0.0	0.0	1.0	0.0	1.0	0.0	0.0	1.0	0.0	0.0	1.0	0.0	0.0	1.0	0.0	0.0	0.0	1.0	0.0	1.0	0.0	0.0	1.0	0.0	1.0	0.0	0.0	0.0	1.0	0.0	0.0	0.0	0.0	0.0	0.0	1.0	0.0	1.0	0.0
1	0.0	0.0	0.0	0.0	0.0	1.0	0.0	0.0	1.0	0.0	0.0	0.0	0.0	0.0	0.0	0.0	0.0	0.0	0.0	0.0	0.0	0.0	0.0	0.0	0.0	0.0	0.0	0.0	0.0	0.0	0.0	0.0	0.0	1.0	0.0	0.0	0.0	0.0	0.0
1	0.0	0.0	0.0	0.0	0.0	0.0	0.0	0.0	0.0	0.0	0.0	0.0	0.0	0.0	0.0	0.0	0.0	0.0	0.0	0.0	0.0	0.5	0.0	0.0	0.0	0.0	0.0	0.5	0.0	0.0	0.0	0.0	0.0	0.0	0.5	0.0	0.0	0.0	0.0
1	1.0	0.0	0.0	1.0	0.0	0.0	0.0	0.0	0.0	1.0	0.0	0.0	1.0	0.0	0.0	1.0	0.0	0.0	0.0	1.0	0.0	1.0	0.0	0.0	0.0	0.0	1.0	1.0	0.0	0.0	0.0	0.0	1.0	0.0	0.0	0.0	1.0	0.0	0.0
1	0.0	0.6666666666666666	0.0	0.0	0.6666666666666666	0.0	0.0	0.6666666666666666	0.0	0.0	0.6666666666666666	0.0	0.3333333333333333	0.3333333333333333	0.0	0.0	0.6666666666666666	0.0	0.3333333333333333	0.3333333333333333	0.3333333333333333	0.0	0.0	0.0	0.0	0.6666666666666666	0.0	0.0	0.0	0.0	0.0	0.0	0.6666666666666666	0.0	0.3333333333333333	0.3333333333333333	0.6666666666666666	0.0	0.0
1	0.5	0.0	0.0	0.0	0.0	0.0	0.0	0.0	0.0	0.0	0.0	0.0	0.0	0.0	0.0	0.5	0.0	0.0	0.0	0.0	0.0	0.5	0.0	0.0	0.0	0.0	0.5	0.5	0.0	0.0	0.0	0.0	0.5	0.0	0.5	0.0	0.0	0.0	0.5
1	0.7142857142857143	0.1428571428571428	0.1428571428571428	0.7142857142857143	0.1428571428571428	0.1428571428571428	0.0	0.2857142857142857	0.0	0.7142857142857143	0.1428571428571428	0.1428571428571428	0.8571428571428571	0.0	0.0	0.7142857142857143	0.1428571428571428	0.1428571428571428	0.0	0.8571428571428571	0.0	0.8571428571428571	0.0	0.0	0.1428571428571428	0.1428571428571428	0.7142857142857143	0.8571428571428571	0.0	0.0	0.0	0.0	0.0	0.0	0.0	0.0	0.8571428571428571	0.0	0.0
1	0.3333333333333333	0.3333333333333333	0.1666666666666666	0.1666666666666666	0.5	0.0	0.1666666666666666	0.5	0.0	0.1666666666666666	0.5	0.0	0.6666666666666666	0.0	0.0	0.3333333333333333	0.5	0.0	0.1666666666666666	0.1666666666666666	0.5	0.5	0.1666666666666666	0.0	0.1666666666666666	0.3333333333333333	0.5	0.1666666666666666	0.1666666666666666	0.0	0.0	0.0	0.0	0.0	0.6666666666666666	0.0	0.5	0.3333333333333333	0.1666666666666666
1	0.8	0.0	0.0	0.6	0.2	0.2	0.2	0.4	0.0	0.4	0.2	0.2	0.4	0.0	0.0	0.4	0.0	0.0	0.4	0.4	0.0	0.0	0.4	0.4	0.0	0.4	0.4	0.0	0.4	0.4	0.6	0.2	0.2	0.4	0.4	0.0	0.4	0.0	0.4
1	0.375	0.0	0.25	0.0	0.375	0.125	0.0	0.5	0.0	0.375	0.125	0.125	0.25	0.0	0.0	0.25	0.125	0.125	0.375	0.0	0.25	0.25	0.125	0.0	0.25	0.0	0.375	0.375	0.0	0.125	0.125	0.0	0.25	0.0	0.375	0.25	0.125	0.25	0.25
1	0.5	0.0	0.0	0.0	0.0	0.0	0.0	0.0	0.0	0.0	0.0	0.0	0.0	0.0	0.0	0.5	0.0	0.0	0.0	0.0	0.0	1.0	0.0	0.0	0.0	0.0	0.5	1.0	0.0	0.0	0.0	0.0	0.5	0.0	1.0	0.0	0.0	0.0	0.5
1	0.8	0.0	0.0	0.2	0.4	0.2	0.2	0.4	0.2	0.0	0.0	0.0	0.0	0.0	0.0	0.2	0.0	0.0	0.4	0.0	0.0	0.4	0.4	0.0	0.0	0.0	0.8	0.4	0.2	0.2	0.2	0.2	0.2	0.0	0.4	0.2	0.0	0.0	0.8
1	0.5	0.0	0.0	0.0	0.0	0.0	0.0	0.0	0.0	1.0	0.0	0.0	0.0	0.0	0.0	0.5	0.0	0.0	1.0	0.0	0.0	0.5	0.0	0.0	0.0	0.0	0.5	0.5	0.0	0.0	0.0	0.0	0.5	0.0	0.5	0.0	0.5	0.5	0.0
1	1.0	0.0	0.0	0.0	1.0	0.0	0.0	1.0	0.0	0.0	0.0	0.0	0.0	0.0	0.0	0.0	0.0	0.0	1.0	0.0	0.0	1.0	0.0	0.0	0.0	0.0	1.0	0.0	0.0	0.0	0.0	0.0	1.0	0.0	1.0	0.0	0.0	0.0	1.0
1	0.2	0.2	0.2	0.8	0.0	0.0	0.8	0.0	0.0	0.0	0.4	0.0	0.2	0.2	0.0	0.2	0.2	0.2	0.2	0.2	0.2	0.4	0.2	0.2	0.2	0.2	0.2	0.2	0.2	0.2	0.4	0.0	0.0	0.0	0.4	0.4	0.2	0.2	0.2
1	0.0	0.0	0.4285714285714285	0.2857142857142857	0.2857142857142857	0.1428571428571428	0.0	0.4285714285714285	0.0	0.1428571428571428	0.1428571428571428	0.2857142857142857	0.5714285714285714	0.0	0.0	0.0	0.0	0.4285714285714285	0.1428571428571428	0.1428571428571428	0.4285714285714285	0.4285714285714285	0.0	0.0	0.4285714285714285	0.0	0.0	0.4285714285714285	0.0	0.0	0.0	0.0	0.0	0.0	0.5714285714285714	0.0	0.0	0.2857142857142857	0.0
1	0.3333333333333333	0.1111111111111111	0.3333333333333333	0.3333333333333333	0.0	0.2222222222222222	0.5555555555555556	0.2222222222222222	0.0	0.3333333333333333	0.1111111111111111	0.3333333333333333	0.4444444444444444	0.0	0.2222222222222222	0.3333333333333333	0.1111111111111111	0.3333333333333333	0.0	0.4444444444444444	0.0	0.3333333333333333	0.3333333333333333	0.0	0.3333333333333333	0.1111111111111111	0.3333333333333333	0.3333333333333333	0.3333333333333333	0.0	0.2222222222222222	0.1111111111111111	0.1111111111111111	0.4444444444444444	0.2222222222222222	0.0	0.3333333333333333	0.1111111111111111	0.1111111111111111
1	0.0	0.0	0.0	0.5	0.0	0.0	0.0	0.0	0.0	0.5	0.0	0.0	0.0	0.0	0.0	0.0	0.0	0.0	0.0	0.0	0.0	0.5	0.0	0.5	0.0	0.0	0.0	0.5	0.0	0.5	0.5	0.0	0.5	0.0	0.5	0.0	0.0	0.0	0.0
1	0.2	0.2	0.4	0.2	0.2	0.2	0.2	0.4	0.0	0.0	0.4	0.2	0.4	0.0	0.0	0.0	0.4	0.2	0.2	0.2	0.2	0.6	0.0	0.0	0.4	0.2	0.2	0.2	0.0	0.0	0.0	0.0	0.4	0.2	0.4	0.0	0.2	0.2	0.2
1	0.0	0.0	0.0	0.0	0.5	0.0	0.0	0.5	0.0	0.0	0.0	0.5	0.5	0.0	0.0	0.5	0.0	0.0	0.0	0.0	0.5	0.0	0.5	0.0	0.5	0.0	0.0	0.0	0.5	0.0	0.0	0.0	0.0	0.0	0.0	0.5	0.0	0.5	0.0
1	0.0	0.0	0.0	0.0	0.0	0.0	0.0	0.0	0.0	0.0	0.0	0.0	0.0	0.0	0.0	0.0	0.0	0.0	0.0	0.0	0.0	0.0	0.0	0.0	0.0	0.0	0.0	0.0	0.0	0.0	0.0	0.0	0.25	0.0	0.0	0.0	0.0	0.0	0.0
1	0.0	1.0	0.0	1.0	0.0	0.0	1.0	0.0	0.0	0.0	1.0	0.0	1.0	0.0	0.0	0.0	1.0	0.0	0.0	1.0	0.0	0.0	0.0	0.0	0.0	1.0	0.0	0.0	0.0	0.0	0.0	0.0	1.0	1.0	0.0	0.0	1.0	0.0	0.0
1	0.5	0.0	0.0	0.0	1.0	0.0	0.0	1.0	0.0	0.0	0.0	0.0	0.0	0.0	0.0	0.5	0.0	0.0	1.0	0.0	0.0	0.5	0.0	0.0	0.0	0.0	0.5	0.5	0.0	0.0	0.0	0.0	0.5	0.0	0.5	0.0	0.0	0.0	0.5
1	1.0	0.0	0.0	0.0	0.0	0.0	0.0	0.0	0.0	0.0	0.0	0.0	0.0	0.0	0.0	1.0	0.0	0.0	1.0	0.0	0.0	1.0	0.0	0.0	0.0	0.0	1.0	1.0	0.0	0.0	0.0	0.0	1.0	1.0	0.0	0.0	0.0	0.0	1.0
1	0.0	0.0	0.0	0.0	0.0	0.0	0.0	0.0	0.0	0.0	0.0	0.0	0.0	0.0	0.0	0.0	0.0	0.0	1.0	0.0	0.0	0.0	0.0	0.0	0.0	0.0	0.0	0.0	0.0	0.0	0.0	0.0	1.0	0.0	1.0	0.0	0.0	0.0	0.0
1	0.0	1.0	0.0	1.0	0.0	0.0	1.0	0.0	0.0	0.0	1.0	0.0	1.0	0.0	0.0	0.0	1.0	0.0	0.0	1.0	0.0	1.0	0.0	0.0	0.0	1.0	0.0	1.0	0.0	0.0	0.0	0.0	1.0	0.0	0.0	1.0	1.0	0.0	0.0
1	1.0	0.0	0.0	0.0	0.5	0.0	0.0	0.5	0.0	0.0	0.0	0.0	0.0	0.0	0.0	0.5	0.0	0.0	1.0	0.0	0.0	1.0	0.0	0.0	0.0	0.0	1.0	0.5	0.0	0.0	0.0	0.0	1.0	0.5	0.5	0.0	0.0	0.0	1.0
1	0.4285714285714285	0.0	0.2857142857142857	0.1428571428571428	0.1428571428571428	0.1428571428571428	0.1428571428571428	0.2857142857142857	0.0	0.2857142857142857	0.1428571428571428	0.1428571428571428	0.1428571428571428	0.0	0.0	0.4285714285714285	0.0	0.2857142857142857	0.2857142857142857	0.1428571428571428	0.0	0.5714285714285714	0.1428571428571428	0.0	0.2857142857142857	0.0	0.4285714285714285	0.5714285714285714	0.1428571428571428	0.0	0.1428571428571428	0.0	0.2857142857142857	0.0	0.5714285714285714	0.0	0.2857142857142857	0.1428571428571428	0.1428571428571428
1	0.0	0.5	0.0	0.5	0.0	0.0	0.5	0.0	0.0	0.0	0.5	0.0	0.5	0.0	0.0	0.0	0.5	0.0	0.0	0.5	0.0	1.0	0.0	0.0	0.0	0.5	0.0	1.0	0.0	0.0	0.0	0.0	0.5	0.0	0.5	0.5	0.5	0.0	0.0
1	1.0	0.0	0.0	1.0	0.0	0.0	0.0	0.0	0.0	1.0	0.0	0.0	1.0	0.0	0.0	1.0	0.0	0.0	0.0	1.0	0.0	0.0	0.0	0.0	0.0	0.0	1.0	0.0	0.0	0.0	0.0	0.0	1.0	0.0	1.0	0.0	1.0	0.0	0.0
1	0.2222222222222222	0.3333333333333333	0.1111111111111111	0.2222222222222222	0.4444444444444444	0.2222222222222222	0.1111111111111111	0.5555555555555556	0.1111111111111111	0.4444444444444444	0.2222222222222222	0.2222222222222222	0.5555555555555556	0.0	0.0	0.3333333333333333	0.4444444444444444	0.0	0.0	0.3333333333333333	0.2222222222222222	0.4444444444444444	0.1111111111111111	0.2222222222222222	0.1111111111111111	0.3333333333333333	0.2222222222222222	0.4444444444444444	0.1111111111111111	0.2222222222222222	0.2222222222222222	0.1111111111111111	0.1111111111111111	0.1111111111111111	0.3333333333333333	0.1111111111111111	0.4444444444444444	0.3333333333333333	0.1111111111111111
1	0.0	1.0	0.0	0.0	1.0	0.0	0.0	1.0	0.0	0.0	1.0	0.0	1.0	0.0	0.0	0.0	1.0	0.0	0.0	1.0	0.0	0.0	0.0	0.0	0.0	1.0	0.0	0.0	0.0	0.0	0.0	0.0	0.0	0.0	0.0	0.0	1.0	0.0	0.0
1	0.3846153846153846	0.0	0.1538461538461538	0.2307692307692307	0.0	0.1538461538461538	0.0769230769230769	0.0769230769230769	0.0769230769230769	0.1538461538461538	0.0769230769230769	0.0769230769230769	0.1538461538461538	0.0	0.1538461538461538	0.3846153846153846	0.0	0.1538461538461538	0.3846153846153846	0.0	0.1538461538461538	0.4615384615384615	0.0769230769230769	0.0	0.1538461538461538	0.0	0.3846153846153846	0.4615384615384615	0.0769230769230769	0.0	0.0769230769230769	0.0	0.4615384615384615	0.0769230769230769	0.6153846153846154	0.0	0.2307692307692307	0.0769230769230769	0.1538461538461538
1	1.0	0.0	0.0	0.0	0.0	0.0	0.0	0.0	0.0	1.0	0.0	0.0	0.0	0.0	0.0	1.0	0.0	0.0	1.0	0.0	0.0	1.0	0.0	0.0	0.0	0.0	1.0	1.0	0.0	0.0	0.0	0.0	1.0	0.0	1.0	0.0	1.0	0.0	0.0
1	1.0	0.0	0.0	1.0	0.0	0.0	0.0	0.0	0.0	1.0	0.0	0.0	1.0	0.0	0.0	1.0	0.0	0.0	0.0	1.0	0.0	1.0	0.0	0.0	0.0	0.0	1.0	1.0	0.0	0.0	0.0	0.0	1.0	0.0	0.0	0.0	1.0	0.0	0.0
1	0.5	0.0	0.0	0.0	0.5	0.0	0.0	0.5	0.0	0.0	0.0	0.0	0.0	0.0	0.0	0.0	0.0	0.0	0.0	0.0	0.0	0.5	0.0	0.0	0.0	0.0	0.5	0.0	0.0	0.0	0.0	0.0	0.0	0.0	0.0	0.0	0.0	0.0	0.5
1	0.3333333333333333	0.3333333333333333	0.0	0.3333333333333333	0.3333333333333333	0.0	0.3333333333333333	0.3333333333333333	0.0	0.3333333333333333	0.3333333333333333	0.3333333333333333	0.6666666666666666	0.0	0.0	0.6666666666666666	0.3333333333333333	0.0	0.0	0.6666666666666666	0.0	0.0	0.6666666666666666	0.3333333333333333	0.3333333333333333	0.3333333333333333	0.3333333333333333	0.0	0.6666666666666666	0.3333333333333333	0.6666666666666666	0.0	0.0	0.3333333333333333	0.3333333333333333	0.3333333333333333	0.3333333333333333	0.0	0.3333333333333333
1	0.0	1.0	0.0	0.0	1.0	0.0	0.0	1.0	0.0	0.0	1.0	0.0	1.0	0.0	0.0	0.0	1.0	0.0	0.0	1.0	0.0	1.0	0.0	0.0	0.0	1.0	0.0	1.0	0.0	0.0	0.0	0.0	1.0	0.0	1.0	0.0	1.0	0.0	0.0
1	0.4285714285714285	0.1428571428571428	0.1428571428571428	0.1428571428571428	0.4285714285714285	0.1428571428571428	0.0	0.5714285714285714	0.0	0.2857142857142857	0.2857142857142857	0.0	0.0	0.2857142857142857	0.0	0.0	0.2857142857142857	0.0	0.4285714285714285	0.1428571428571428	0.1428571428571428	0.2857142857142857	0.2857142857142857	0.2857142857142857	0.1428571428571428	0.1428571428571428	0.4285714285714285	0.0	0.0	0.5714285714285714	0.2857142857142857	0.0	0.2857142857142857	0.1428571428571428	0.4285714285714285	0.1428571428571428	0.1428571428571428	0.1428571428571428	0.4285714285714285
1	0.75	0.0	0.0	0.5	0.0	0.0	0.5	0.0	0.0	0.5	0.0	0.0	0.0	0.0	0.0	0.75	0.0	0.0	0.5	0.0	0.0	0.5	0.25	0.25	0.0	0.0	0.75	0.5	0.25	0.25	0.25	0.25	0.25	0.25	0.25	0.0	0.5	0.0	0.25
1	0.0	0.0	0.0	1.0	0.0	0.0	1.0	0.0	0.0	0.0	0.0	0.0	0.0	0.0	0.0	0.0	0.0	0.0	0.0	0.0	0.0	0.0	0.0	1.0	0.0	0.0	0.0	0.0	0.0	1.0	0.0	1.0	0.0	0.0	0.0	0.0	0.0	0.0	0.0
1	0.4285714285714285	0.0	0.0	0.4285714285714285	0.0	0.0	0.0	0.0	0.0	0.4285714285714285	0.0	0.0	0.0	0.0	0.0	0.4285714285714285	0.0	0.0	0.2857142857142857	0.0	0.0	0.1428571428571428	0.2857142857142857	0.1428571428571428	0.0	0.0	0.4285714285714285	0.1428571428571428	0.2857142857142857	0.1428571428571428	0.4285714285714285	0.0	0.2857142857142857	0.0	0.7142857142857143	0.0	0.0	0.0	0.4285714285714285
1	0.0	0.0	0.0	0.0	0.0	0.0	0.0	0.0	0.0	0.0	0.0	0.0	0.0	0.0	0.0	0.0	0.0	0.0	0.0	0.0	0.0	0.0	0.0	0.0	0.0	0.0	0.0	0.0	0.0	0.0	0.0	0.0	1.0	0.0	0.0	0.0	0.0	0.0	0.0
1	0.3846153846153846	0.0	0.1538461538461538	0.2307692307692307	0.0	0.1538461538461538	0.0769230769230769	0.0769230769230769	0.0769230769230769	0.1538461538461538	0.0769230769230769	0.0769230769230769	0.1538461538461538	0.0	0.1538461538461538	0.3846153846153846	0.0	0.1538461538461538	0.3846153846153846	0.0	0.1538461538461538	0.4615384615384615	0.0769230769230769	0.0	0.1538461538461538	0.0	0.3846153846153846	0.4615384615384615	0.0769230769230769	0.0	0.0769230769230769	0.0	0.4615384615384615	0.0769230769230769	0.6153846153846154	0.0	0.2307692307692307	0.0769230769230769	0.1538461538461538
1	0.0	0.0	0.0	0.0	0.0	0.0	0.0	0.0	0.0	0.0	0.0	0.0	0.0	0.0	0.0	0.0	0.0	0.0	0.0	0.0	0.0	0.0	0.0	0.0	0.0	0.0	0.0	0.0	0.0	0.0	0.0	0.0	0.0	0.0	0.0	0.0	0.0	0.0	0.0
1	0.6	0.0	0.0	0.2	0.1	0.1	0.0	0.2	0.0	0.7	0.0	0.0	0.2	0.0	0.0	0.6	0.0	0.0	0.5	0.1	0.1	0.3	0.1	0.0	0.0	0.0	0.6	0.5	0.1	0.0	0.1	0.0	0.5	0.0	0.4	0.0	0.3	0.3	0.3
1	0.3333333333333333	0.0	0.3333333333333333	0.6666666666666666	0.3333333333333333	0.0	0.0	0.3333333333333333	0.0	0.6666666666666666	0.3333333333333333	0.0	0.0	0.3333333333333333	0.0	0.3333333333333333	0.0	0.3333333333333333	0.6666666666666666	0.0	0.3333333333333333	0.0	0.6666666666666666	0.3333333333333333	0.3333333333333333	0.0	0.3333333333333333	0.0	0.6666666666666666	0.3333333333333333	0.6666666666666666	0.0	0.0	0.3333333333333333	0.3333333333333333	0.0	0.0	0.3333333333333333	0.3333333333333333
1	1.0	0.0	0.0	0.0	1.0	0.0	0.0	1.0	0.0	0.0	0.0	0.0	0.0	0.0	0.0	0.0	0.0	0.0	1.0	0.0	0.0	1.0	0.0	0.0	0.0	0.0	1.0	0.0	0.0	0.0	0.0	0.0	1.0	0.0	1.0	0.0	0.0	0.0	1.0
1	1.0	0.0	0.0	0.0	1.0	0.0	0.0	1.0	0.0	0.0	1.0	0.0	1.0	0.0	0.0	0.0	0.0	0.0	0.0	0.0	1.0	0.0	0.0	1.0	0.0	1.0	0.0	0.0	0.0	1.0	0.0	0.0	0.0	0.0	0.0	1.0	0.0	0.0	1.0
1	0.2857142857142857	0.0	0.2857142857142857	0.2857142857142857	0.1428571428571428	0.1428571428571428	0.1428571428571428	0.2857142857142857	0.0	0.4285714285714285	0.1428571428571428	0.1428571428571428	0.2857142857142857	0.0	0.0	0.2857142857142857	0.0	0.2857142857142857	0.2857142857142857	0.2857142857142857	0.0	0.4285714285714285	0.1428571428571428	0.0	0.2857142857142857	0.0	0.2857142857142857	0.4285714285714285	0.1428571428571428	0.0	0.1428571428571428	0.0	0.1428571428571428	0.0	0.5714285714285714	0.0	0.2857142857142857	0.2857142857142857	0.0
1	0.0	0.0	0.5	0.0	0.0	0.5	0.0	0.0	0.5	0.0	1.0	0.0	1.0	0.0	0.0	0.0	0.5	0.0	0.0	0.0	1.0	0.5	0.5	0.0	1.0	0.0	0.0	0.0	0.0	0.5	0.0	0.0	0.0	0.0	0.0	1.0	0.0	0.5	0.0
1	0.0	1.0	0.0	0.0	1.0	0.0	0.0	1.0	0.0	0.0	1.0	0.0	1.0	0.0	0.0	0.0	1.0	0.0	0.0	1.0	0.0	0.0	0.0	0.0	0.0	1.0	0.0	0.0	0.0	0.0	0.0	0.0	1.0	0.0	0.0	0.0	1.0	0.0	0.0
1	1.0	0.0	0.0	0.0	1.0	0.0	0.0	1.0	0.0	0.0	1.0	0.0	1.0	0.0	0.0	0.0	0.0	0.0	0.0	1.0	0.0	0.0	0.0	1.0	0.0	1.0	0.0	0.0	0.0	1.0	0.0	0.0	1.0	1.0	0.0	0.0	0.0	0.0	1.0
1	0.4	0.2	0.4	0.2	0.2	0.2	0.2	0.4	0.0	0.4	0.4	0.2	0.4	0.2	0.0	0.2	0.4	0.2	0.2	0.0	0.6	0.8	0.2	0.0	0.4	0.2	0.4	0.4	0.0	0.2	0.2	0.0	0.0	0.0	0.6	0.2	0.4	0.2	0.2
1	0.1	0.2	0.1	0.0	0.2	0.2	0.0	0.3	0.1	0.0	0.2	0.1	0.2	0.1	0.1	0.2	0.3	0.0	0.2	0.1	0.2	0.2	0.0	0.3	0.1	0.2	0.1	0.2	0.0	0.3	0.1	0.0	0.2	0.2	0.3	0.3	0.2	0.1	0.1
1	0.0	0.0	0.0	0.0	0.0	0.0	0.0	0.0	0.0	0.0	0.0	0.0	0.0	0.0	0.0	0.0	0.0	0.0	0.0	0.0	0.0	0.5	0.0	0.0	0.0	0.0	0.0	0.5	0.0	0.0	0.0	0.0	0.0	0.0	0.5	0.0	0.0	0.0	0.0
1	0.0	1.0	0.0	1.0	0.0	0.0	1.0	0.0	0.0	0.0	1.0	0.0	1.0	0.0	0.0	0.0	1.0	0.0	0.0	1.0	0.0	0.0	0.0	0.0	0.0	1.0	0.0	0.0	0.0	0.0	0.0	0.0	1.0	1.0	0.0	0.0	1.0	0.0	0.0
1	0.0	1.0	0.0	0.0	0.0	1.0	0.0	1.0	0.0	0.0	0.0	1.0	1.0	0.0	0.0	0.0	1.0	0.0	0.0	1.0	0.0	0.0	0.0	1.0	0.0	1.0	0.0	0.0	0.0	1.0	1.0	0.0	0.0	0.0	0.0	0.0	1.0	0.0	0.0
1	0.2857142857142857	0.0	0.2857142857142857	0.4285714285714285	0.1428571428571428	0.1428571428571428	0.2857142857142857	0.2857142857142857	0.0	0.2857142857142857	0.1428571428571428	0.1428571428571428	0.2857142857142857	0.0	0.0	0.2857142857142857	0.0	0.2857142857142857	0.1428571428571428	0.2857142857142857	0.0	0.4285714285714285	0.1428571428571428	0.1428571428571428	0.2857142857142857	0.0	0.2857142857142857	0.4285714285714285	0.1428571428571428	0.1428571428571428	0.1428571428571428	0.1428571428571428	0.1428571428571428	0.0	0.5714285714285714	0.0	0.2857142857142857	0.1428571428571428	0.0
1	0.5	0.0	0.0	0.5	0.0	0.0	0.0	0.0	0.0	0.5	0.0	0.0	0.5	0.0	0.0	0.5	0.0	0.0	0.0	0.5	0.0	0.5	0.0	0.0	0.0	0.0	0.5	0.5	0.0	0.0	0.0	0.0	0.5	0.0	1.0	0.0	0.5	0.0	0.0
1	1.0	0.0	0.0	1.0	0.0	0.0	1.0	0.0	0.0	1.0	0.0	0.0	0.0	0.0	0.0	1.0	0.0	0.0	1.0	0.0	0.0	0.0	1.0	0.0	0.0	0.0	1.0	0.0	1.0	0.0	1.0	0.0	0.0	0.0	1.0	0.0	1.0	0.0	0.0
1	0.0	0.0	0.0	0.0	0.0	0.0	0.0	0.0	0.0	0.0	0.0	0.0	0.0	0.0	0.0	0.0	0.0	0.0	0.0	0.0	0.0	0.5	0.0	0.0	0.0	0.0	0.0	0.5	0.0	0.0	0.0	0.0	0.0	0.0	0.5	0.0	0.0	0.0	0.0
1	1.0	0.0	0.0	1.0	0.0	0.0	0.0	0.0	0.0	1.0	0.0	0.0	1.0	0.0	0.0	1.0	0.0	0.0	0.0	1.0	0.0	0.0	0.0	0.0	0.0	0.0	1.0	0.0	0.0	0.0	0.0	0.0	1.0	0.0	1.0	0.0	1.0	0.0	0.0
1	0.0	0.5	0.0	0.0	0.5	0.0	0.0	0.5	0.0	0.0	0.5	0.0	0.0	0.5	0.0	0.0	0.5	0.0	0.0	0.5	0.0	0.5	0.5	0.0	0.0	0.5	0.0	0.5	0.5	0.0	0.0	0.0	0.5	0.0	0.5	0.5	0.5	0.0	0.0
1	1.0	0.0	0.0	0.0	0.0	0.0	0.0	0.0	0.0	0.0	0.0	0.0	0.0	0.0	0.0	1.0	0.0	0.0	1.0	0.0	0.0	1.0	0.0	0.0	0.0	0.0	1.0	1.0	0.0	0.0	0.0	0.0	1.0	1.0	0.0	0.0	0.0	0.0	1.0
1	0.0	0.3333333333333333	0.0	0.0	0.3333333333333333	0.0	0.0	0.3333333333333333	0.0	0.0	0.3333333333333333	0.0	0.3333333333333333	0.0	0.0	0.0	0.3333333333333333	0.0	0.0	0.3333333333333333	0.0	0.0	0.0	0.0	0.0	0.3333333333333333	0.0	0.0	0.0	0.0	0.0	0.0	0.6666666666666666	0.0	0.0	0.0	0.3333333333333333	0.0	0.0
1	1.0	0.0	0.0	0.0	0.0	0.0	0.0	0.0	0.0	0.0	0.0	0.0	0.0	0.0	0.0	1.0	0.0	0.0	0.0	0.0	0.0	1.0	0.0	0.0	0.0	0.0	1.0	1.0	0.0	0.0	0.0	0.0	1.0	0.0	1.0	0.0	0.0	0.0	1.0
1	1.0	0.0	0.0	0.0	0.0	0.0	0.0	0.0	0.0	1.0	0.0	0.0	0.0	0.0	0.0	1.0	0.0	0.0	1.0	0.0	0.0	1.0	0.0	0.0	0.0	0.0	1.0	1.0	0.0	0.0	0.0	0.0	1.0	0.0	1.0	0.0	1.0	0.0	0.0
1	0.0	0.0	0.0	0.0	0.0	0.5	0.0	0.5	0.0	0.5	0.0	0.0	0.5	0.0	0.0	0.5	0.0	0.0	0.0	0.0	0.5	0.0	0.0	0.0	0.0	0.0	0.0	0.5	0.0	0.0	0.0	0.0	0.0	0.0	0.5	0.0	0.0	0.5	0.0
1	0.0	0.0	0.0	0.0	0.0	0.0	0.0	0.0	0.0	0.0	0.0	0.0	0.0	0.0	0.0	0.0	0.0	0.0	0.0	0.0	0.0	1.0	0.0	0.0	0.0	0.0	0.0	1.0	0.0	0.0	0.0	0.0	0.0	0.0	1.0	0.0	0.0	0.0	0.0
1	0.5	0.0	0.0	0.25	0.0	0.0	0.25	0.0	0.0	0.5	0.0	0.0	0.0	0.0	0.0	0.5	0.0	0.0	0.5	0.0	0.0	0.25	0.25	0.0	0.0	0.0	0.5	0.25	0.25	0.0	0.25	0.0	0.25	0.0	0.5	0.0	0.5	0.0	0.0
1	1.0	0.0	0.0	1.0	0.0	0.0	0.0	0.0	0.0	1.0	0.0	0.0	1.0	0.0	0.0	1.0	0.0	0.0	0.0	1.0	0.0	0.0	0.0	0.0	0.0	0.0	1.0	0.0	0.0	0.0	0.0	0.0	1.0	0.0	1.0	0.0	1.0	0.0	0.0
1	0.0	0.5	0.0	1.0	0.0	0.0	0.5	0.0	0.0	0.5	0.5	0.0	0.5	0.0	0.0	0.0	0.5	0.0	0.0	0.5	0.0	0.5	0.5	0.0	0.0	0.5	0.0	0.5	0.5	0.0	0.0	0.5	0.5	0.0	0.5	0.5	0.5	0.0	0.0
1	0.0	0.0	0.0	0.0	0.0	0.0	0.0	0.0	0.0	0.0	0.0	0.0	0.0	0.0	0.0	0.0	0.0	0.0	0.0	0.0	0.0	0.0	0.0	0.0	0.0	0.0	0.0	0.0	0.0	0.0	0.0	0.0	0.0	0.0	0.0	0.0	0.0	0.0	0.0
1	1.0	0.0	0.0	0.0	0.0	0.0	0.0	0.0	0.0	1.0	0.0	0.0	0.0	0.0	0.0	1.0	0.0	0.0	1.0	0.0	0.0	1.0	0.0	0.0	0.0	0.0	1.0	1.0	0.0	0.0	0.0	0.0	1.0	0.0	1.0	0.0	1.0	0.0	0.0
1	0.0	0.0	0.0	0.0	0.0	0.0	0.0	0.0	0.0	0.0	0.0	0.0	0.0	0.0	0.0	0.0	0.0	0.0	0.0	0.0	0.0	1.0	0.0	0.0	0.0	0.0	0.0	1.0	0.0	0.0	0.0	0.0	0.0	0.0	1.0	0.0	0.0	0.0	0.0
1	0.0	0.4	0.2	0.0	0.2	0.2	0.2	0.4	0.0	0.0	0.2	0.4	0.4	0.2	0.2	0.0	0.4	0.2	0.0	0.4	0.2	0.2	0.4	0.2	0.2	0.4	0.0	0.2	0.0	0.6	0.4	0.0	0.0	0.6	0.0	0.0	0.4	0.4	0.0
0	0.3333333333333333	0.0	0.0	0.0	0.3333333333333333	0.0	0.0	0.3333333333333333	0.0	0.0	0.0	0.0	0.0	0.0	0.0	0.0	0.0	0.0	0.6666666666666666	0.0	0.0	0.3333333333333333	0.0	0.0	0.0	0.0	0.3333333333333333	0.0	0.0	0.0	0.0	0.0	0.3333333333333333	0.0	0.6666666666666666	0.0	0.0	0.0	0.3333333333333333
0	0.2105263157894736	0.0526315789473684	0.3684210526315789	0.1052631578947368	0.1578947368421052	0.3157894736842105	0.0526315789473684	0.2105263157894736	0.2631578947368421	0.2105263157894736	0.3157894736842105	0.1052631578947368	0.2105263157894736	0.2105263157894736	0.1052631578947368	0.3157894736842105	0.3157894736842105	0.1052631578947368	0.1052631578947368	0.1578947368421052	0.2631578947368421	0.3157894736842105	0.3684210526315789	0.1578947368421052	0.3157894736842105	0.1052631578947368	0.2631578947368421	0.4210526315789473	0.1052631578947368	0.4210526315789473	0.0526315789473684	0.0526315789473684	0.0526315789473684	0.3157894736842105	0.2631578947368421	0.2105263157894736	0.1052631578947368	0.4210526315789473	0.1578947368421052
0	1.0	0.0	0.0	0.5	0.0	0.5	0.0	0.5	0.0	0.5	0.0	0.0	0.0	0.0	0.0	0.5	0.0	0.0	1.0	0.0	0.0	0.0	1.0	0.0	0.0	0.0	1.0	0.0	0.5	0.5	1.0	0.0	0.0	0.0	1.0	0.0	0.5	0.0	0.5
0	0.0	0.0	0.5	0.0	0.5	0.0	0.0	0.5	0.0	0.0	0.0	0.5	0.0	0.5	0.0	0.0	0.0	0.5	0.0	0.0	0.5	0.0	0.5	0.0	0.5	0.0	0.0	0.0	0.5	0.0	0.0	0.0	0.0	0.0	0.0	0.5	0.0	0.0	0.0
0	0.1428571428571428	0.0	0.1428571428571428	0.1428571428571428	0.0	0.1428571428571428	0.0	0.1428571428571428	0.0	0.1428571428571428	0.0	0.1428571428571428	0.1428571428571428	0.0	0.0	0.1428571428571428	0.0	0.1428571428571428	0.1428571428571428	0.0	0.1428571428571428	0.2857142857142857	0.0	0.0	0.1428571428571428	0.0	0.1428571428571428	0.2857142857142857	0.0	0.0	0.0	0.0	0.1428571428571428	0.0	0.2857142857142857	0.0	0.1428571428571428	0.0	0.0
0	0.5	0.0	0.0	0.0	0.0	1.0	0.0	0.5	0.5	0.5	0.0	0.0	0.5	0.0	0.0	0.5	0.0	0.0	0.5	0.0	0.5	0.0	0.5	0.0	0.0	0.0	0.5	0.5	0.0	0.5	0.5	0.0	0.0	0.0	1.0	0.0	0.0	0.5	0.5
0	0.5	0.0	0.5	0.0	0.0	0.5	0.0	0.0	0.5	0.0	0.5	0.0	0.0	0.5	0.0	0.0	0.5	0.0	0.5	0.0	0.5	0.0	1.0	0.0	0.5	0.0	0.5	0.0	0.0	1.0	0.5	0.0	0.0	0.0	0.5	0.5	0.0	0.5	0.5
0	0.0	0.0	0.5	0.0	0.5	0.0	0.0	0.5	0.0	0.0	0.0	0.5	0.5	0.0	0.0	0.0	0.0	0.5	0.0	0.0	0.5	0.5	0.0	0.0	0.5	0.0	0.0	0.5	0.0	0.0	0.0	0.0	0.0	0.0	0.5	0.0	0.0	0.0	0.0
0	0.0	0.0	0.5	0.0	1.0	0.0	0.0	1.0	0.0	0.5	0.0	0.5	0.0	0.5	0.0	0.5	0.0	0.5	0.0	0.0	0.5	0.5	0.0	0.0	0.5	0.0	0.0	1.0	0.0	0.0	0.0	0.0	0.0	0.0	0.0	0.5	0.0	0.5	0.0
0	0.0	0.0	1.0	0.0	0.0	1.0	0.0	1.0	0.0	0.0	0.0	1.0	0.0	0.0	1.0	0.0	0.0	1.0	0.0	0.0	0.0	0.0	1.0	0.0	1.0	0.0	0.0	0.0	1.0	0.0	0.0	0.0	0.0	1.0	0.0	0.0	0.0	0.0	0.0
0	0.0	0.0	0.0	0.0	0.0	0.0	0.0	0.0	0.0	0.0	0.0	0.0	0.0	0.0	0.0	0.0	0.0	0.0	0.0	0.0	0.0	0.0	0.0	0.0	0.0	0.0	0.0	0.0	0.0	0.0	0.0	0.0	0.0	0.0	0.0	0.0	0.0	0.0	0.0
0	0.0	0.0	1.0	0.0	1.0	0.0	0.0	1.0	0.0	0.0	0.0	1.0	0.0	1.0	0.0	0.0	0.0	1.0	0.0	0.0	1.0	1.0	0.0	0.0	1.0	0.0	0.0	1.0	0.0	0.0	0.0	0.0	0.0	0.0	0.0	1.0	0.0	0.0	0.0
0	0.0	0.0	0.6666666666666666	0.0	0.6666666666666666	0.0	0.0	0.6666666666666666	0.0	0.0	0.0	0.6666666666666666	0.0	0.6666666666666666	0.0	0.0	0.0	0.6666666666666666	0.0	0.0	0.6666666666666666	0.0	0.6666666666666666	0.0	0.6666666666666666	0.0	0.0	0.0	0.6666666666666666	0.0	0.0	0.0	0.0	0.0	0.0	0.6666666666666666	0.0	0.0	0.0
0	0.25	0.0	0.25	0.0	0.5	0.25	0.0	0.75	0.0	0.5	0.0	0.25	0.0	0.25	0.0	0.25	0.0	0.25	0.25	0.0	0.25	0.0	0.5	0.0	0.25	0.0	0.25	0.25	0.25	0.25	0.25	0.0	0.0	0.0	0.25	0.25	0.0	0.25	0.25
0	0.0	0.0	1.0	0.0	1.0	0.0	0.0	1.0	0.0	0.0	0.0	1.0	0.0	1.0	0.0	0.0	0.0	1.0	0.0	0.0	1.0	0.0	1.0	0.0	1.0	0.0	0.0	0.0	1.0	0.0	0.0	0.0	0.0	0.0	0.0	1.0	0.0	0.0	0.0
0	0.375	0.125	0.375	0.125	0.125	0.375	0.125	0.125	0.375	0.0	0.5	0.0	0.5	0.0	0.0	0.25	0.5	0.0	0.125	0.125	0.375	0.625	0.125	0.125	0.375	0.125	0.375	0.125	0.125	0.125	0.25	0.0	0.0	0.25	0.5	0.25	0.125	0.375	0.375
0	0.5714285714285714	0.2857142857142857	0.0	0.1428571428571428	0.5714285714285714	0.1428571428571428	0.1428571428571428	0.5714285714285714	0.1428571428571428	0.4285714285714285	0.2857142857142857	0.0	0.2857142857142857	0.2857142857142857	0.0	0.1428571428571428	0.2857142857142857	0.0	0.1428571428571428	0.4285714285714285	0.1428571428571428	0.4285714285714285	0.1428571428571428	0.1428571428571428	0.0	0.2857142857142857	0.5714285714285714	0.4285714285714285	0.0	0.2857142857142857	0.0	0.0	0.5714285714285714	0.1428571428571428	0.1428571428571428	0.1428571428571428	0.4285714285714285	0.0	0.4285714285714285
0	0.0	0.0	0.5555555555555556	0.0	0.3333333333333333	0.1111111111111111	0.0	0.3333333333333333	0.1111111111111111	0.1111111111111111	0.3333333333333333	0.2222222222222222	0.1111111111111111	0.4444444444444444	0.0	0.1111111111111111	0.3333333333333333	0.2222222222222222	0.0	0.0	0.5555555555555556	0.2222222222222222	0.3333333333333333	0.1111111111111111	0.5555555555555556	0.0	0.0	0.3333333333333333	0.0	0.4444444444444444	0.0	0.0	0.0	0.0	0.0	0.5555555555555556	0.0	0.4444444444444444	0.0
0	0.0	0.0	1.0	0.0	1.0	0.0	0.0	1.0	0.0	0.0	0.0	1.0	0.0	1.0	0.0	0.0	0.0	1.0	0.0	0.0	1.0	0.0	1.0	0.0	1.0	0.0	0.0	0.0	1.0	0.0	0.0	0.0	0.0	0.0	0.0	1.0	0.0	0.0	0.0
0	0.0	0.0	0.0	0.0	0.0	1.0	0.0	0.0	1.0	0.0	0.0	0.0	0.0	0.0	1.0	0.0	0.0	0.0	0.0	0.0	0.0	0.0	0.0	0.0	0.0	0.0	0.0	0.0	0.0	0.0	0.0	0.0	0.0	0.0	0.0	0.0	0.0	0.0	0.0
0	1.0	0.0	0.0	1.0	0.0	0.0	0.0	0.0	0.0	0.0	0.0	0.0	0.0	0.0	0.0	1.0	0.0	0.0	1.0	0.0	0.0	0.0	1.0	0.0	0.0	0.0	1.0	0.0	1.0	0.0	1.0	0.0	0.0	0.0	1.0	0.0	1.0	0.0	0.0
0	0.0	0.0	0.0	0.0	0.0	0.0	0.0	0.0	0.0	0.0	0.0	0.0	0.0	0.0	0.5	0.0	0.0	0.0	0.0	0.0	0.0	0.0	0.0	0.5	0.0	0.0	0.0	0.0	0.0	0.5	0.0	0.0	0.0	0.5	0.0	0.0	0.0	0.0	0.0
0	0.0	0.0	0.3333333333333333	0.0	0.3333333333333333	0.0	0.0	0.3333333333333333	0.0	0.3333333333333333	0.3333333333333333	0.0	0.0	0.3333333333333333	0.0	0.3333333333333333	0.3333333333333333	0.0	0.0	0.0	0.3333333333333333	0.0	0.3333333333333333	0.0	0.3333333333333333	0.0	0.0	0.3333333333333333	0.0	0.3333333333333333	0.0	0.0	0.0	0.0	0.0	0.3333333333333333	0.0	0.6666666666666666	0.0
0	0.2	0.2	0.2	0.0	0.4	0.0	0.0	0.4	0.0	0.0	0.4	0.0	0.4	0.0	0.4	0.0	0.4	0.0	0.2	0.2	0.2	0.2	0.2	0.2	0.2	0.2	0.2	0.0	0.0	0.4	0.0	0.0	0.4	0.2	0.2	0.2	0.2	0.2	0.2
0	0.2857142857142857	0.2857142857142857	0.2857142857142857	0.1428571428571428	0.1428571428571428	0.4285714285714285	0.1428571428571428	0.2857142857142857	0.2857142857142857	0.1428571428571428	0.2857142857142857	0.2857142857142857	0.4285714285714285	0.1428571428571428	0.1428571428571428	0.1428571428571428	0.4285714285714285	0.1428571428571428	0.1428571428571428	0.4285714285714285	0.1428571428571428	0.1428571428571428	0.1428571428571428	0.4285714285714285	0.1428571428571428	0.4285714285714285	0.1428571428571428	0.1428571428571428	0.1428571428571428	0.4285714285714285	0.2857142857142857	0.0	0.2857142857142857	0.1428571428571428	0.1428571428571428	0.1428571428571428	0.4285714285714285	0.1428571428571428	0.1428571428571428
0	0.0	0.0	0.0	0.0	1.0	0.0	0.0	1.0	0.0	1.0	0.0	0.0	0.0	0.0	0.0	1.0	0.0	0.0	0.0	0.0	0.0	0.0	0.0	0.0	0.0	0.0	0.0	1.0	0.0	0.0	0.0	0.0	0.0	0.0	0.0	0.0	0.0	1.0	0.0
0	0.0	0.0	1.0	0.0	0.0	1.0	0.0	1.0	0.0	0.0	0.0	1.0	0.0	0.0	0.0	0.0	0.0	1.0	0.0	0.0	0.0	1.0	0.0	0.0	1.0	0.0	0.0	1.0	0.0	0.0	0.0	0.0	0.0	0.0	0.0	0.0	0.0	0.0	0.0
0	0.0	0.0	0.0	0.0	0.0	0.0	0.0	0.0	0.0	0.0	0.0	0.0	0.0	0.0	0.0	0.0	0.0	0.0	0.0	0.0	0.0	0.0	0.0	0.0	0.0	0.0	0.0	0.0	0.0	0.0	0.0	0.0	0.0	0.0	0.0	0.0	0.0	0.0	0.0
0	0.0	0.0	0.25	0.0	0.25	0.0	0.0	0.25	0.0	0.0	0.0	0.25	0.25	0.0	0.0	0.0	0.0	0.25	0.0	0.0	0.25	0.25	0.0	0.0	0.25	0.0	0.0	0.25	0.0	0.0	0.0	0.0	0.0	0.0	0.25	0.0	0.0	0.0	0.0
0	0.0	0.0	0.0	0.0	0.5	0.0	0.0	0.5	0.0	0.5	0.0	0.0	0.0	0.0	0.0	0.5	0.0	0.0	0.0	0.0	0.0	0.0	0.0	0.0	0.0	0.0	0.0	0.5	0.0	0.0	0.0	0.0	0.0	0.0	0.0	0.0	0.0	0.5	0.0
0	0.0	0.0	1.0	0.0	0.0	0.0	0.0	0.0	0.0	0.0	0.0	0.0	0.0	0.0	0.0	0.0	1.0	0.0	0.0	0.0	0.0	0.0	0.0	1.0	0.0	0.0	0.0	0.0	0.0	1.0	0.0	0.0	0.0	1.0	0.0	0.0	0.0	1.0	0.0
0	0.3333333333333333	0.25	0.25	0.25	0.5	0.0833333333333333	0.3333333333333333	0.5833333333333334	0.0	0.1666666666666666	0.3333333333333333	0.1666666666666666	0.3333333333333333	0.1666666666666666	0.1666666666666666	0.25	0.25	0.0833333333333333	0.0	0.0833333333333333	0.4166666666666667	0.25	0.1666666666666666	0.1666666666666666	0.1666666666666666	0.3333333333333333	0.25	0.0833333333333333	0.0833333333333333	0.25	0.0	0.0	0.0	0.1666666666666666	0.0833333333333333	0.3333333333333333	0.25	0.25	0.3333333333333333
0	0.1666666666666666	0.0	0.1666666666666666	0.1666666666666666	0.1666666666666666	0.0	0.0	0.1666666666666666	0.0	0.1666666666666666	0.1666666666666666	0.0	0.0	0.1666666666666666	0.0	0.3333333333333333	0.1666666666666666	0.0	0.1666666666666666	0.0	0.1666666666666666	0.0	0.3333333333333333	0.0	0.1666666666666666	0.0	0.1666666666666666	0.1666666666666666	0.1666666666666666	0.1666666666666666	0.1666666666666666	0.0	0.0	0.0	0.1666666666666666	0.1666666666666666	0.1666666666666666	0.3333333333333333	0.0
0	0.25	0.0	0.25	0.25	0.25	0.0	0.0	0.25	0.0	0.25	0.25	0.0	0.0	0.25	0.0	0.5	0.25	0.0	0.25	0.0	0.25	0.0	0.5	0.0	0.25	0.0	0.25	0.25	0.25	0.25	0.25	0.0	0.0	0.0	0.25	0.25	0.25	0.5	0.0
0	0.1666666666666666	0.0	0.1666666666666666	0.1666666666666666	0.1666666666666666	0.1666666666666666	0.0	0.1666666666666666	0.1666666666666666	0.1666666666666666	0.1666666666666666	0.0	0.0	0.1666666666666666	0.1666666666666666	0.3333333333333333	0.1666666666666666	0.0	0.1666666666666666	0.0	0.1666666666666666	0.0	0.3333333333333333	0.1666666666666666	0.1666666666666666	0.0	0.1666666666666666	0.1666666666666666	0.1666666666666666	0.3333333333333333	0.1666666666666666	0.0	0.0	0.0	0.1666666666666666	0.1666666666666666	0.1666666666666666	0.3333333333333333	0.0
0	1.0	0.0	0.0	0.0	0.0	1.0	0.0	0.0	1.0	0.0	0.0	0.0	0.0	0.0	0.0	0.0	0.0	0.0	1.0	0.0	0.0	0.0	1.0	0.0	0.0	0.0	1.0	0.0	0.0	1.0	1.0	0.0	0.0	0.0	1.0	0.0	0.0	0.0	1.0
0	0.0	0.0	0.0	0.0	0.5	0.0	0.0	0.5	0.0	0.0	0.0	0.5	0.5	0.0	0.0	0.5	0.0	0.0	0.0	0.0	0.5	0.0	0.5	0.0	0.5	0.0	0.0	0.0	0.5	0.0	0.0	0.0	0.0	0.0	0.0	0.5	0.0	0.5	0.0
0	0.125	0.125	0.25	0.0	0.25	0.125	0.0	0.25	0.125	0.0	0.375	0.0	0.25	0.125	0.125	0.0	0.375	0.0	0.125	0.125	0.25	0.25	0.125	0.125	0.25	0.125	0.125	0.0	0.0	0.25	0.0	0.0	0.0	0.125	0.125	0.25	0.125	0.25	0.125
0	0.0	0.0	0.0	0.0	0.0	1.0	0.0	0.0	1.0	0.0	0.0	0.0	0.0	0.0	0.0	0.0	0.0	0.0	0.0	0.0	0.0	0.0	0.0	0.0	0.0	0.0	0.0	0.0	0.0	0.0	0.0	0.0	0.0	1.0	0.0	0.0	0.0	0.0	0.0
0	0.2222222222222222	0.0	0.4444444444444444	0.1111111111111111	0.2222222222222222	0.1111111111111111	0.1111111111111111	0.2222222222222222	0.1111111111111111	0.3333333333333333	0.4444444444444444	0.1111111111111111	0.2222222222222222	0.3333333333333333	0.1111111111111111	0.3333333333333333	0.4444444444444444	0.0	0.1111111111111111	0.0	0.5555555555555556	0.2222222222222222	0.3333333333333333	0.2222222222222222	0.4444444444444444	0.1111111111111111	0.1111111111111111	0.3333333333333333	0.0	0.5555555555555556	0.0	0.0	0.0	0.1111111111111111	0.1111111111111111	0.4444444444444444	0.0	0.6666666666666666	0.2222222222222222
0	0.4	0.0	0.2	0.2	0.0	0.2	0.0	0.2	0.0	0.2	0.2	0.0	0.0	0.2	0.0	0.2	0.2	0.0	0.4	0.0	0.2	0.0	0.6	0.0	0.2	0.0	0.4	0.0	0.2	0.4	0.4	0.0	0.0	0.0	0.4	0.2	0.2	0.2	0.2
0	0.2142857142857142	0.0714285714285714	0.4285714285714285	0.0714285714285714	0.3571428571428571	0.2142857142857142	0.0714285714285714	0.3571428571428571	0.2142857142857142	0.1428571428571428	0.4285714285714285	0.1428571428571428	0.3571428571428571	0.2142857142857142	0.0	0.2142857142857142	0.4285714285714285	0.0714285714285714	0.1428571428571428	0.1428571428571428	0.4285714285714285	0.3571428571428571	0.2142857142857142	0.1428571428571428	0.4285714285714285	0.1428571428571428	0.1428571428571428	0.2142857142857142	0.0714285714285714	0.2857142857142857	0.1428571428571428	0.0	0.1428571428571428	0.2142857142857142	0.2142857142857142	0.3571428571428571	0.1428571428571428	0.5	0.1428571428571428
0	0.0	0.0	0.6666666666666666	0.0	0.3333333333333333	0.0	0.0	0.3333333333333333	0.0	0.3333333333333333	0.6666666666666666	0.0	0.0	0.6666666666666666	0.0	0.3333333333333333	0.6666666666666666	0.0	0.0	0.0	0.6666666666666666	0.3333333333333333	0.3333333333333333	0.0	0.6666666666666666	0.0	0.0	0.3333333333333333	0.0	0.3333333333333333	0.0	0.0	0.0	0.0	0.0	0.6666666666666666	0.0	1.0	0.0
0	0.0	0.0	0.5	0.0	0.0	0.0	0.0	0.0	0.0	0.0	0.5	0.0	0.0	0.5	0.0	0.0	0.5	0.0	0.0	0.0	0.5	0.0	0.5	0.0	0.5	0.0	0.0	0.0	0.0	0.5	0.0	0.0	0.0	0.0	0.0	0.5	0.0	0.5	0.0
0	0.3076923076923077	0.0384615384615384	0.4230769230769231	0.0384615384615384	0.3076923076923077	0.0769230769230769	0.0	0.3076923076923077	0.0769230769230769	0.1153846153846153	0.4615384615384615	0.0	0.2692307692307692	0.2307692307692307	0.0	0.3076923076923077	0.3461538461538461	0.1153846153846153	0.2307692307692307	0.1153846153846153	0.3846153846153846	0.6153846153846154	0.1153846153846153	0.0384615384615384	0.4230769230769231	0.0384615384615384	0.3076923076923077	0.4230769230769231	0.0	0.1538461538461538	0.0	0.0	0.0	0.1923076923076923	0.2692307692307692	0.2692307692307692	0.0769230769230769	0.5	0.2692307692307692
0	0.1428571428571428	0.0	0.1428571428571428	0.0	0.0	0.1428571428571428	0.0	0.1428571428571428	0.0	0.1428571428571428	0.1428571428571428	0.0	0.0	0.1428571428571428	0.0	0.0	0.1428571428571428	0.0	0.1428571428571428	0.0	0.1428571428571428	0.0	0.2857142857142857	0.0	0.1428571428571428	0.0	0.1428571428571428	0.0	0.0	0.2857142857142857	0.1428571428571428	0.0	0.0	0.0	0.1428571428571428	0.1428571428571428	0.0	0.1428571428571428	0.1428571428571428
0	0.1428571428571428	0.0	0.1428571428571428	0.1428571428571428	0.4285714285714285	0.1428571428571428	0.0	0.4285714285714285	0.1428571428571428	0.4285714285714285	0.1428571428571428	0.0	0.0	0.1428571428571428	0.1428571428571428	0.5714285714285714	0.1428571428571428	0.0	0.1428571428571428	0.0	0.1428571428571428	0.1428571428571428	0.1428571428571428	0.0	0.1428571428571428	0.0	0.1428571428571428	0.4285714285714285	0.1428571428571428	0.0	0.1428571428571428	0.0	0.0	0.0	0.1428571428571428	0.1428571428571428	0.1428571428571428	0.5714285714285714	0.0
0	0.2	0.0	0.2	0.2	0.2	0.0	0.0	0.2	0.0	0.2	0.2	0.0	0.0	0.2	0.0	0.4	0.2	0.0	0.2	0.0	0.2	0.0	0.4	0.2	0.2	0.0	0.2	0.2	0.2	0.4	0.2	0.0	0.0	0.0	0.2	0.2	0.2	0.4	0.0
0	0.5	0.0	0.5	0.0	0.0	0.5	0.0	0.5	0.0	0.5	0.5	0.0	0.0	0.5	0.0	0.0	0.5	0.0	0.5	0.0	0.5	0.0	1.0	0.0	0.5	0.0	0.5	0.0	0.0	1.0	0.5	0.0	0.0	0.0	0.5	0.5	0.0	0.5	0.5
0	0.0	0.0	0.0	0.0	1.0	0.0	0.0	1.0	0.0	0.0	0.0	1.0	1.0	0.0	0.0	1.0	0.0	0.0	0.0	0.0	1.0	0.0	1.0	0.0	1.0	0.0	0.0	0.0	1.0	0.0	0.0	0.0	0.0	0.0	0.0	1.0	0.0	1.0	0.0
0	0.6666666666666666	0.1666666666666666	0.1666666666666666	0.1666666666666666	0.5	0.1666666666666666	0.3333333333333333	0.6666666666666666	0.0	0.1666666666666666	0.1666666666666666	0.1666666666666666	0.5	0.0	0.0	0.0	0.1666666666666666	0.1666666666666666	0.3333333333333333	0.5	0.0	0.3333333333333333	0.1666666666666666	0.0	0.1666666666666666	0.1666666666666666	0.3333333333333333	0.3333333333333333	0.1666666666666666	0.0	0.1666666666666666	0.0	0.6666666666666666	0.0	0.3333333333333333	0.0	0.1666666666666666	0.0	0.6666666666666666
0	0.0	0.2	0.4	0.0	0.2	0.2	0.0	0.2	0.2	0.0	0.6	0.0	0.4	0.2	0.2	0.0	0.6	0.0	0.0	0.2	0.4	0.2	0.2	0.2	0.4	0.2	0.0	0.0	0.0	0.4	0.0	0.0	0.2	0.2	0.0	0.4	0.2	0.4	0.0
0	0.2	0.0	0.2	0.0	0.4	0.2	0.0	0.6	0.0	0.4	0.0	0.2	0.0	0.2	0.0	0.2	0.0	0.2	0.2	0.0	0.2	0.0	0.4	0.0	0.2	0.0	0.2	0.2	0.2	0.2	0.2	0.0	0.0	0.0	0.2	0.2	0.0	0.2	0.2
0	0.0	0.0	0.0	0.0	1.0	0.0	0.0	1.0	0.0	1.0	0.0	0.0	0.0	0.0	0.0	1.0	0.0	0.0	0.0	0.0	0.0	0.0	0.0	0.0	0.0	0.0	0.0	1.0	0.0	0.0	0.0	0.0	0.0	0.0	0.0	0.0	0.0	1.0	0.0
0	0.0	0.0	0.5	0.0	0.5	0.0	0.0	0.5	0.0	0.0	0.0	0.5	0.0	0.5	0.0	0.0	0.0	0.5	0.0	0.0	0.5	0.0	0.5	0.0	0.5	0.0	0.0	0.0	0.5	0.0	0.0	0.0	0.0	0.0	0.0	0.5	0.0	0.0	0.0
0	0.1666666666666666	0.0	0.5	0.1666666666666666	0.1666666666666666	0.1666666666666666	0.0	0.1666666666666666	0.1666666666666666	0.1666666666666666	0.5	0.0	0.0	0.5	0.1666666666666666	0.3333333333333333	0.5	0.0	0.1666666666666666	0.0	0.5	0.1666666666666666	0.5	0.0	0.5	0.0	0.1666666666666666	0.1666666666666666	0.1666666666666666	0.3333333333333333	0.1666666666666666	0.0	0.0	0.0	0.1666666666666666	0.5	0.1666666666666666	0.6666666666666666	0.0
0	0.0	0.0	1.0	0.0	1.0	0.0	0.0	1.0	0.0	0.0	0.0	1.0	1.0	0.0	0.0	0.0	0.0	1.0	0.0	0.0	1.0	1.0	0.0	0.0	1.0	0.0	0.0	1.0	0.0	0.0	0.0	0.0	0.0	0.0	1.0	0.0	0.0	0.0	0.0
0	0.3333333333333333	0.0	0.6666666666666666	0.0	0.3333333333333333	0.3333333333333333	0.0	0.6666666666666666	0.0	0.3333333333333333	0.3333333333333333	0.3333333333333333	0.0	0.6666666666666666	0.0	0.0	0.3333333333333333	0.3333333333333333	0.3333333333333333	0.0	0.6666666666666666	0.0	1.0	0.0	0.6666666666666666	0.0	0.3333333333333333	0.0	0.3333333333333333	0.6666666666666666	0.3333333333333333	0.0	0.0	0.0	0.3333333333333333	0.6666666666666666	0.0	0.3333333333333333	0.3333333333333333
0	0.0	0.0	0.0	0.0	0.0	0.0	0.0	0.0	0.0	0.0	0.0	0.0	0.0	0.0	0.0	0.0	0.0	0.0	0.0	0.0	0.0	0.0	0.0	0.0	0.0	0.0	0.0	0.0	0.0	0.0	0.0	0.0	0.0	0.0	0.0	0.0	0.0	0.0	0.0
0	0.0	0.0	0.0	0.0	0.0	0.0	0.0	0.0	0.0	0.0	0.0	0.0	0.0	0.0	0.0	0.0	0.0	0.0	0.0	0.0	0.0	0.0	0.0	0.0	0.0	0.0	0.0	0.0	0.0	0.0	0.0	0.0	0.0	0.0	0.0	0.0	0.0	0.0	0.0
0	1.0	0.0	0.0	0.0	0.0	1.0	0.0	1.0	0.0	1.0	0.0	0.0	0.0	0.0	0.0	0.0	0.0	0.0	1.0	0.0	0.0	0.0	1.0	0.0	0.0	0.0	1.0	0.0	0.0	1.0	1.0	0.0	0.0	0.0	1.0	0.0	0.0	0.0	1.0
0	0.3333333333333333	0.25	0.25	0.25	0.5	0.0833333333333333	0.3333333333333333	0.5833333333333334	0.0	0.1666666666666666	0.3333333333333333	0.1666666666666666	0.3333333333333333	0.1666666666666666	0.1666666666666666	0.25	0.25	0.0833333333333333	0.0	0.0833333333333333	0.4166666666666667	0.25	0.1666666666666666	0.1666666666666666	0.1666666666666666	0.3333333333333333	0.25	0.0833333333333333	0.0833333333333333	0.25	0.0	0.0	0.0	0.1666666666666666	0.0833333333333333	0.3333333333333333	0.25	0.25	0.3333333333333333
0	1.0	0.0	0.0	0.0	0.0	1.0	0.0	0.0	1.0	0.0	0.0	0.0	0.0	0.0	0.0	0.0	0.0	0.0	1.0	0.0	0.0	0.0	1.0	0.0	0.0	0.0	1.0	0.0	0.0	1.0	1.0	0.0	0.0	0.0	1.0	0.0	0.0	0.0	1.0
0	0.1666666666666666	0.0	0.1666666666666666	0.1666666666666666	0.5	0.0	0.0	0.5	0.0	0.3333333333333333	0.0	0.1666666666666666	0.0	0.1666666666666666	0.0	0.5	0.0	0.1666666666666666	0.1666666666666666	0.0	0.1666666666666666	0.0	0.3333333333333333	0.0	0.1666666666666666	0.0	0.1666666666666666	0.3333333333333333	0.3333333333333333	0.0	0.1666666666666666	0.0	0.0	0.0	0.1666666666666666	0.1666666666666666	0.1666666666666666	0.3333333333333333	0.0
0	0.0	0.0	1.0	0.0	0.0	0.0	1.0	0.0	0.0	0.0	0.0	1.0	0.0	0.0	0.0	0.0	0.0	1.0	0.0	0.0	0.0	1.0	0.0	0.0	1.0	0.0	0.0	1.0	0.0	0.0	0.0	0.0	0.0	1.0	0.0	0.0	0.0	0.0	0.0
0	0.0769230769230769	0.0769230769230769	0.4615384615384615	0.0769230769230769	0.2307692307692307	0.3076923076923077	0.0769230769230769	0.2307692307692307	0.3076923076923077	0.1538461538461538	0.3846153846153846	0.1538461538461538	0.3076923076923077	0.2307692307692307	0.0769230769230769	0.2307692307692307	0.4615384615384615	0.0769230769230769	0.0769230769230769	0.0769230769230769	0.4615384615384615	0.3076923076923077	0.2307692307692307	0.0769230769230769	0.4615384615384615	0.0769230769230769	0.0769230769230769	0.2307692307692307	0.0769230769230769	0.2307692307692307	0.1538461538461538	0.0	0.0	0.1538461538461538	0.1538461538461538	0.3846153846153846	0.1538461538461538	0.5384615384615384	0.0
0	0.0	0.0	0.5714285714285714	0.0	0.2857142857142857	0.1428571428571428	0.0	0.2857142857142857	0.1428571428571428	0.1428571428571428	0.4285714285714285	0.1428571428571428	0.1428571428571428	0.4285714285714285	0.0	0.1428571428571428	0.4285714285714285	0.1428571428571428	0.0	0.0	0.5714285714285714	0.1428571428571428	0.4285714285714285	0.1428571428571428	0.5714285714285714	0.0	0.0	0.2857142857142857	0.0	0.5714285714285714	0.0	0.0	0.0	0.0	0.0	0.5714285714285714	0.0	0.5714285714285714	0.0
0	0.1875	0.0625	0.375	0.0625	0.3125	0.25	0.0625	0.3125	0.25	0.125	0.375	0.125	0.3125	0.1875	0.0625	0.1875	0.375	0.0625	0.125	0.125	0.375	0.3125	0.1875	0.125	0.375	0.125	0.125	0.1875	0.0625	0.25	0.125	0.0	0.125	0.1875	0.1875	0.3125	0.125	0.4375	0.125
0	0.1428571428571428	0.0	0.1428571428571428	0.1428571428571428	0.4285714285714285	0.0	0.0	0.4285714285714285	0.0	0.2857142857142857	0.0	0.1428571428571428	0.0	0.1428571428571428	0.0	0.4285714285714285	0.0	0.1428571428571428	0.1428571428571428	0.0	0.1428571428571428	0.0	0.2857142857142857	0.0	0.1428571428571428	0.0	0.1428571428571428	0.2857142857142857	0.2857142857142857	0.0	0.1428571428571428	0.0	0.0	0.0	0.1428571428571428	0.1428571428571428	0.1428571428571428	0.2857142857142857	0.0
0	0.4285714285714285	0.0	0.1428571428571428	0.1428571428571428	0.4285714285714285	0.1428571428571428	0.0	0.4285714285714285	0.1428571428571428	0.1428571428571428	0.1428571428571428	0.0	0.0	0.1428571428571428	0.1428571428571428	0.2857142857142857	0.1428571428571428	0.0	0.4285714285714285	0.0	0.1428571428571428	0.4285714285714285	0.1428571428571428	0.0	0.1428571428571428	0.0	0.4285714285714285	0.1428571428571428	0.1428571428571428	0.0	0.1428571428571428	0.0	0.2857142857142857	0.0	0.4285714285714285	0.1428571428571428	0.1428571428571428	0.2857142857142857	0.2857142857142857
0	0.1428571428571428	0.0	0.1428571428571428	0.1428571428571428	0.1428571428571428	0.1428571428571428	0.0	0.1428571428571428	0.1428571428571428	0.1428571428571428	0.1428571428571428	0.0	0.0	0.1428571428571428	0.1428571428571428	0.2857142857142857	0.1428571428571428	0.0	0.1428571428571428	0.0	0.1428571428571428	0.0	0.2857142857142857	0.1428571428571428	0.1428571428571428	0.0	0.1428571428571428	0.1428571428571428	0.1428571428571428	0.2857142857142857	0.1428571428571428	0.0	0.0	0.0	0.1428571428571428	0.1428571428571428	0.1428571428571428	0.2857142857142857	0.0
0	0.1428571428571428	0.0714285714285714	0.4285714285714285	0.0714285714285714	0.2857142857142857	0.2857142857142857	0.0714285714285714	0.2857142857142857	0.2857142857142857	0.1428571428571428	0.3571428571428571	0.1428571428571428	0.2857142857142857	0.2142857142857142	0.0714285714285714	0.2142857142857142	0.4285714285714285	0.0714285714285714	0.1428571428571428	0.0714285714285714	0.4285714285714285	0.3571428571428571	0.2142857142857142	0.0714285714285714	0.4285714285714285	0.0714285714285714	0.1428571428571428	0.2142857142857142	0.0714285714285714	0.2142857142857142	0.1428571428571428	0.0	0.0	0.1428571428571428	0.2142857142857142	0.3571428571428571	0.1428571428571428	0.5	0.0714285714285714
0	0.0	0.0	0.0	0.0	1.0	0.0	0.0	1.0	0.0	0.0	0.0	1.0	1.0	0.0	0.0	1.0	0.0	0.0	0.0	0.0	1.0	0.0	1.0	0.0	1.0	0.0	0.0	0.0	1.0	0.0	0.0	0.0	0.0	0.0	0.0	1.0	0.0	1.0	0.0
0	0.0	0.0	0.0	0.0	0.0	0.5	0.0	0.0	0.5	0.0	0.0	0.0	0.0	0.0	0.5	0.0	0.0	0.0	0.0	0.0	0.0	0.0	0.0	0.5	0.0	0.0	0.0	0.0	0.0	0.5	0.0	0.0	0.0	0.0	0.0	0.0	0.0	0.0	0.0
0	1.0	0.0	0.0	0.0	1.0	0.0	0.0	1.0	0.0	0.0	1.0	0.0	1.0	0.0	0.0	0.0	0.0	0.0	0.0	1.0	0.0	0.0	1.0	0.0	0.0	1.0	0.0	0.0	1.0	0.0	0.0	0.0	1.0	0.0	0.0	1.0	0.0	0.0	1.0
0	0.1111111111111111	0.1111111111111111	0.4444444444444444	0.1111111111111111	0.3333333333333333	0.1111111111111111	0.1111111111111111	0.3333333333333333	0.1111111111111111	0.2222222222222222	0.4444444444444444	0.1111111111111111	0.2222222222222222	0.4444444444444444	0.0	0.1111111111111111	0.4444444444444444	0.1111111111111111	0.0	0.0	0.6666666666666666	0.1111111111111111	0.3333333333333333	0.2222222222222222	0.4444444444444444	0.1111111111111111	0.0	0.2222222222222222	0.0	0.5555555555555556	0.0	0.0	0.0	0.0	0.1111111111111111	0.5555555555555556	0.1111111111111111	0.4444444444444444	0.1111111111111111
0	0.625	0.125	0.125	0.125	0.0	0.5	0.125	0.125	0.375	0.625	0.25	0.0	0.5	0.25	0.0	0.0	0.25	0.0	0.25	0.5	0.25	0.125	0.375	0.25	0.125	0.125	0.375	0.0	0.0	0.625	0.625	0.0	0.0	0.125	0.375	0.125	0.125	0.125	0.625
0	0.6666666666666666	0.0	0.0	0.3333333333333333	0.3333333333333333	0.3333333333333333	0.0	0.6666666666666666	0.0	0.6666666666666666	0.0	0.0	0.6666666666666666	0.0	0.0	0.6666666666666666	0.0	0.0	0.3333333333333333	0.3333333333333333	0.3333333333333333	0.3333333333333333	0.0	0.0	0.0	0.0	0.6666666666666666	0.3333333333333333	0.0	0.0	0.0	0.0	0.6666666666666666	0.0	1.0	0.0	0.3333333333333333	0.3333333333333333	0.3333333333333333
0	0.0	0.0	1.0	0.0	1.0	0.0	0.0	1.0	0.0	0.0	0.0	1.0	0.0	1.0	0.0	0.0	0.0	1.0	0.0	0.0	1.0	0.0	1.0	0.0	1.0	0.0	0.0	0.0	1.0	0.0	0.0	0.0	0.0	0.0	0.0	1.0	0.0	0.0	0.0
0	0.0	0.0	1.0	0.0	1.0	0.0	0.0	1.0	0.0	0.0	1.0	0.0	1.0	0.0	0.0	0.0	0.0	1.0	0.0	1.0	0.0	1.0	0.0	0.0	1.0	0.0	0.0	1.0	0.0	0.0	0.0	0.0	0.0	0.0	1.0	0.0	0.0	1.0	0.0
0	0.3	0.1	0.5	0.1	0.1	0.4	0.1	0.1	0.4	0.0	0.8	0.0	0.5	0.3	0.0	0.0	0.6	0.0	0.2	0.2	0.6	0.2	0.6	0.0	0.6	0.2	0.2	0.0	0.0	0.6	0.2	0.0	0.2	0.2	0.3	0.5	0.1	0.4	0.3
0	0.25	0.1666666666666666	0.1666666666666666	0.0833333333333333	0.5	0.0833333333333333	0.1666666666666666	0.5833333333333334	0.0	0.0833333333333333	0.25	0.0833333333333333	0.1666666666666666	0.1666666666666666	0.1666666666666666	0.5	0.1666666666666666	0.0	0.25	0.1666666666666666	0.1666666666666666	0.25	0.1666666666666666	0.1666666666666666	0.0833333333333333	0.25	0.3333333333333333	0.25	0.0833333333333333	0.25	0.0	0.0	0.0	0.1666666666666666	0.0833333333333333	0.3333333333333333	0.1666666666666666	0.1666666666666666	0.25
0	0.1	0.1	0.4	0.1	0.2	0.2	0.1	0.2	0.2	0.2	0.4	0.1	0.2	0.3	0.1	0.3	0.5	0.0	0.1	0.1	0.4	0.2	0.3	0.1	0.4	0.1	0.1	0.2	0.1	0.3	0.2	0.0	0.0	0.1	0.1	0.4	0.2	0.6	0.0
0	0.2142857142857142	0.0714285714285714	0.4285714285714285	0.0714285714285714	0.3571428571428571	0.2142857142857142	0.0714285714285714	0.3571428571428571	0.2142857142857142	0.1428571428571428	0.4285714285714285	0.1428571428571428	0.3571428571428571	0.2142857142857142	0.0	0.2142857142857142	0.4285714285714285	0.0714285714285714	0.1428571428571428	0.1428571428571428	0.4285714285714285	0.3571428571428571	0.2142857142857142	0.1428571428571428	0.4285714285714285	0.1428571428571428	0.1428571428571428	0.2142857142857142	0.0714285714285714	0.2857142857142857	0.1428571428571428	0.0	0.0	0.2142857142857142	0.2142857142857142	0.3571428571428571	0.1428571428571428	0.5	0.1428571428571428
0	0.2	0.0	0.2	0.0	0.4	0.2	0.0	0.6	0.0	0.4	0.0	0.2	0.0	0.2	0.0	0.2	0.0	0.2	0.2	0.0	0.2	0.0	0.4	0.0	0.2	0.0	0.2	0.2	0.2	0.2	0.2	0.0	0.0	0.0	0.2	0.2	0.0	0.2	0.2
0	0.2	0.0666666666666666	0.4	0.0666666666666666	0.3333333333333333	0.2	0.0666666666666666	0.3333333333333333	0.2	0.1333333333333333	0.4	0.1333333333333333	0.3333333333333333	0.2	0.0	0.2	0.4	0.0666666666666666	0.1333333333333333	0.1333333333333333	0.4	0.3333333333333333	0.2	0.1333333333333333	0.4	0.1333333333333333	0.1333333333333333	0.2	0.0666666666666666	0.2666666666666666	0.1333333333333333	0.0	0.0	0.2	0.2	0.3333333333333333	0.1333333333333333	0.4666666666666667	0.1333333333333333
0	0.3333333333333333	0.0	0.3333333333333333	0.3333333333333333	0.3333333333333333	0.0	0.0	0.3333333333333333	0.0	0.0	0.0	0.3333333333333333	0.0	0.3333333333333333	0.0	0.3333333333333333	0.0	0.3333333333333333	0.3333333333333333	0.0	0.3333333333333333	0.0	0.6666666666666666	0.0	0.3333333333333333	0.0	0.3333333333333333	0.0	0.6666666666666666	0.0	0.3333333333333333	0.0	0.0	0.0	0.3333333333333333	0.3333333333333333	0.3333333333333333	0.0	0.0
0	0.0	0.0	0.3333333333333333	0.0	0.0	0.1666666666666666	0.0	0.0	0.1666666666666666	0.0	0.3333333333333333	0.0	0.1666666666666666	0.1666666666666666	0.1666666666666666	0.0	0.3333333333333333	0.0	0.0	0.0	0.3333333333333333	0.1666666666666666	0.1666666666666666	0.1666666666666666	0.3333333333333333	0.0	0.0	0.0	0.0	0.3333333333333333	0.0	0.0	0.0	0.1666666666666666	0.0	0.3333333333333333	0.0	0.3333333333333333	0.0
0	0.0	0.0	0.5	0.0	0.3333333333333333	0.0	0.0	0.3333333333333333	0.0	0.3333333333333333	0.6666666666666666	0.0	0.1666666666666666	0.5	0.0	0.3333333333333333	0.5	0.0	0.0	0.0	0.6666666666666666	0.1666666666666666	0.5	0.0	0.6666666666666666	0.0	0.0	0.3333333333333333	0.0	0.5	0.0	0.0	0.0	0.0	0.0	0.6666666666666666	0.0	0.8333333333333334	0.0
0	0.2857142857142857	0.0	0.2857142857142857	0.0	0.1428571428571428	0.1428571428571428	0.2857142857142857	0.1428571428571428	0.1428571428571428	0.1428571428571428	0.4285714285714285	0.1428571428571428	0.5714285714285714	0.0	0.0	0.1428571428571428	0.1428571428571428	0.1428571428571428	0.1428571428571428	0.1428571428571428	0.4285714285714285	0.4285714285714285	0.4285714285714285	0.0	0.5714285714285714	0.0	0.2857142857142857	0.1428571428571428	0.1428571428571428	0.2857142857142857	0.1428571428571428	0.0	0.0	0.1428571428571428	0.1428571428571428	0.4285714285714285	0.1428571428571428	0.1428571428571428	0.1428571428571428
0	0.3333333333333333	0.0	0.3333333333333333	0.0833333333333333	0.4166666666666667	0.1666666666666666	0.0	0.5	0.0833333333333333	0.25	0.4166666666666667	0.0833333333333333	0.5833333333333334	0.0833333333333333	0.0	0.5	0.1666666666666666	0.1666666666666666	0.25	0.25	0.4166666666666667	0.3333333333333333	0.1666666666666666	0.0833333333333333	0.4166666666666667	0.0833333333333333	0.25	0.3333333333333333	0.1666666666666666	0.0833333333333333	0.0	0.0	0.1666666666666666	0.1666666666666666	0.3333333333333333	0.3333333333333333	0.0833333333333333	0.4166666666666667	0.25
0	0.375	0.25	0.0	0.0	0.625	0.0	0.0	0.625	0.0	0.0	0.25	0.0	0.125	0.125	0.125	0.25	0.25	0.0	0.25	0.125	0.125	0.375	0.0	0.25	0.0	0.25	0.375	0.25	0.0	0.25	0.0	0.0	0.0	0.125	0.0	0.375	0.25	0.0	0.375
0	0.1428571428571428	0.1428571428571428	0.4285714285714285	0.1428571428571428	0.2857142857142857	0.2857142857142857	0.1428571428571428	0.4285714285714285	0.1428571428571428	0.1428571428571428	0.4285714285714285	0.1428571428571428	0.2857142857142857	0.4285714285714285	0.1428571428571428	0.1428571428571428	0.4285714285714285	0.1428571428571428	0.1428571428571428	0.1428571428571428	0.5714285714285714	0.1428571428571428	0.4285714285714285	0.1428571428571428	0.4285714285714285	0.1428571428571428	0.1428571428571428	0.1428571428571428	0.1428571428571428	0.4285714285714285	0.0	0.0	0.2857142857142857	0.1428571428571428	0.2857142857142857	0.4285714285714285	0.1428571428571428	0.4285714285714285	0.1428571428571428
0	0.0	0.0	1.0	0.0	0.0	0.0	0.0	0.0	0.0	0.0	1.0	0.0	1.0	0.0	0.0	0.0	1.0	0.0	0.0	0.0	1.0	1.0	0.0	0.0	1.0	0.0	0.0	0.0	0.0	0.0	0.0	0.0	0.0	0.0	1.0	0.0	0.0	1.0	0.0
0	0.0	0.0	0.0	0.0	0.0	0.0	0.0	0.0	0.0	0.0	0.0	0.0	0.0	0.0	1.0	0.0	0.0	0.0	0.0	0.0	0.0	0.0	0.0	1.0	0.0	0.0	0.0	0.0	0.0	1.0	0.0	0.0	0.0	1.0	0.0	0.0	0.0	0.0	0.0
0	0.1904761904761904	0.0476190476190476	0.4285714285714285	0.0952380952380952	0.1428571428571428	0.2857142857142857	0.0476190476190476	0.1904761904761904	0.238095238095238	0.1428571428571428	0.3333333333333333	0.1428571428571428	0.1904761904761904	0.2857142857142857	0.0952380952380952	0.238095238095238	0.3333333333333333	0.1428571428571428	0.1904761904761904	0.1428571428571428	0.3333333333333333	0.3809523809523809	0.3333333333333333	0.1428571428571428	0.3809523809523809	0.0952380952380952	0.238095238095238	0.3333333333333333	0.1428571428571428	0.3333333333333333	0.0476190476190476	0.0476190476190476	0.0476190476190476	0.2857142857142857	0.238095238095238	0.2857142857142857	0.0952380952380952	0.3809523809523809	0.1428571428571428
0	0.0	0.0	0.0	0.0	1.0	0.0	0.0	1.0	0.0	1.0	0.0	0.0	0.0	0.0	0.0	1.0	0.0	0.0	0.0	0.0	0.0	0.0	0.0	0.0	0.0	0.0	0.0	1.0	0.0	0.0	0.0	0.0	0.0	0.0	0.0	0.0	0.0	1.0	0.0
0	0.0	0.0	1.0	0.0	0.0	0.0	0.0	0.0	0.0	0.0	1.0	0.0	0.0	1.0	0.0	0.0	1.0	0.0	0.0	0.0	1.0	0.0	1.0	0.0	1.0	0.0	0.0	0.0	0.0	1.0	0.0	0.0	0.0	0.0	0.0	1.0	0.0	1.0	0.0
0	0.0	1.0	0.0	0.0	0.0	1.0	0.0	1.0	0.0	0.0	0.0	1.0	1.0	0.0	0.0	0.0	1.0	0.0	0.0	1.0	0.0	0.0	0.0	1.0	0.0	1.0	0.0	0.0	0.0	1.0	1.0	0.0	0.0	0.0	0.0	0.0	1.0	0.0	0.0
0	0.0	0.0	0.5	0.0	0.5	0.0	0.0	0.5	0.0	0.0	0.0	0.5	0.0	0.5	0.0	0.0	0.0	0.5	0.0	0.0	0.5	0.0	0.5	0.0	0.5	0.0	0.0	0.0	0.5	0.0	0.0	0.0	0.0	0.0	0.0	0.5	0.0	0.0	0.0
0	0.0	0.0	1.0	0.0	0.0	0.0	0.0	0.0	0.0	0.0	1.0	0.0	0.0	1.0	0.0	0.0	1.0	0.0	0.0	0.0	1.0	1.0	0.0	0.0	1.0	0.0	0.0	0.0	0.0	0.0	0.0	0.0	0.0	0.0	0.0	1.0	0.0	1.0	0.0
0	0.2	0.4	0.0	0.0	0.8	0.0	0.0	0.8	0.0	0.0	0.4	0.0	0.2	0.2	0.2	0.2	0.4	0.0	0.2	0.2	0.2	0.2	0.0	0.4	0.0	0.4	0.2	0.2	0.0	0.4	0.0	0.0	0.0	0.2	0.0	0.2	0.4	0.0	0.2
0	0.0	0.0	0.0	0.0	1.0	0.0	0.0	1.0	0.0	1.0	0.0	0.0	0.0	0.0	0.0	1.0	0.0	0.0	0.0	0.0	0.0	0.0	0.0	0.0	0.0	0.0	0.0	1.0	0.0	0.0	0.0	0.0	0.0	0.0	0.0	0.0	0.0	1.0	0.0
0	0.0	0.0	0.5	0.0	0.5	0.0	0.0	0.5	0.0	0.5	0.5	0.0	0.0	0.5	0.0	0.5	0.5	0.0	0.0	0.0	0.5	0.5	0.0	0.0	0.5	0.0	0.0	0.5	0.0	0.0	0.0	0.0	0.0	0.0	0.0	0.5	0.0	1.0	0.0
0	0.0	0.0	0.0	0.0	0.0	0.0	0.0	0.0	0.0	0.0	0.0	0.0	0.0	0.0	1.0	0.0	0.0	0.0	0.0	0.0	0.0	0.0	0.0	0.0	0.0	0.0	0.0	0.0	0.0	0.0	0.0	0.0	0.0	1.0	0.0	0.0	0.0	0.0	0.0
0	0.0	0.0	0.0	0.0	0.0	0.5	0.0	0.0	0.5	0.0	0.0	0.0	0.0	0.0	0.5	0.0	0.0	0.0	0.0	0.0	0.0	0.0	0.0	0.5	0.0	0.0	0.0	0.0	0.0	0.5	0.0	0.0	0.0	0.0	0.0	0.0	0.0	0.0	0.0
0	0.0	0.0	0.6	0.0	0.2	0.0	0.0	0.2	0.0	0.2	0.6	0.0	0.0	0.6	0.0	0.2	0.6	0.0	0.0	0.0	0.6	0.2	0.4	0.0	0.6	0.0	0.0	0.2	0.0	0.4	0.0	0.0	0.0	0.0	0.0	0.6	0.0	0.8	0.0
0	0.0	0.0	1.0	0.0	1.0	0.0	0.0	1.0	0.0	0.0	0.0	1.0	1.0	0.0	0.0	0.0	0.0	1.0	0.0	0.0	1.0	1.0	0.0	0.0	1.0	0.0	0.0	1.0	0.0	0.0	0.0	0.0	0.0	0.0	1.0	0.0	0.0	0.0	0.0
0	0.0	0.0	1.0	0.0	0.0	0.0	0.0	0.0	0.0	0.0	1.0	0.0	0.0	1.0	0.0	0.0	1.0	0.0	0.0	0.0	1.0	0.0	1.0	0.0	1.0	0.0	0.0	0.0	0.0	1.0	0.0	0.0	0.0	0.0	0.0	1.0	0.0	1.0	0.0
0	0.0	0.0	0.5	0.0	0.5	0.0	0.0	0.5	0.0	0.0	0.0	0.5	0.5	0.0	0.0	0.0	0.0	0.5	0.0	0.0	0.5	0.5	0.0	0.0	0.5	0.0	0.0	0.5	0.0	0.0	0.0	0.0	0.0	0.0	0.5	0.0	0.0	0.0	0.0
0	0.0	0.0	0.5	0.0	0.5	0.0	0.0	0.5	0.0	0.0	0.0	0.5	0.0	0.5	0.0	0.0	0.0	0.5	0.0	0.0	0.5	0.0	0.5	0.0	0.5	0.0	0.0	0.0	0.5	0.0	0.0	0.0	0.0	0.0	0.0	0.5	0.0	0.0	0.0
0	0.0	0.0	0.5	0.5	0.0	0.0	0.5	0.0	0.0	0.0	0.0	0.5	0.5	0.0	0.0	0.0	0.0	0.5	0.0	0.0	0.5	0.5	0.0	0.0	0.5	0.0	0.0	0.5	0.0	0.0	0.0	0.0	0.0	0.0	0.0	0.5	0.0	0.0	0.0
0	0.0	0.0	1.0	1.0	0.0	0.0	1.0	0.0	0.0	0.0	0.0	1.0	1.0	0.0	0.0	0.0	0.0	1.0	0.0	0.0	1.0	1.0	0.0	0.0	1.0	0.0	0.0	1.0	0.0	0.0	0.0	0.0	0.0	0.0	0.0	1.0	0.0	0.0	0.0
0	0.0	0.0	0.0	0.0	1.0	0.0	0.0	1.0	0.0	0.0	0.0	1.0	1.0	0.0	0.0	1.0	0.0	0.0	0.0	0.0	1.0	0.0	1.0	0.0	1.0	0.0	0.0	0.0	1.0	0.0	0.0	0.0	0.0	0.0	0.0	1.0	0.0	1.0	0.0
0	0.1666666666666666	0.0	0.3333333333333333	0.1666666666666666	0.6666666666666666	0.0	0.0	0.6666666666666666	0.0	0.3333333333333333	0.0	0.3333333333333333	0.0	0.3333333333333333	0.0	0.5	0.0	0.3333333333333333	0.1666666666666666	0.0	0.3333333333333333	0.3333333333333333	0.1666666666666666	0.0	0.3333333333333333	0.0	0.1666666666666666	0.6666666666666666	0.1666666666666666	0.0	0.1666666666666666	0.0	0.0	0.0	0.1666666666666666	0.3333333333333333	0.1666666666666666	0.3333333333333333	0.0
0	0.0	0.0	0.6666666666666666	0.0	0.0	0.3333333333333333	0.0	0.0	0.3333333333333333	0.0	0.6666666666666666	0.0	0.3333333333333333	0.3333333333333333	0.0	0.0	0.6666666666666666	0.0	0.0	0.0	0.6666666666666666	0.0	0.6666666666666666	0.3333333333333333	0.6666666666666666	0.0	0.0	0.0	0.0	1.0	0.0	0.0	0.0	0.0	0.0	0.6666666666666666	0.0	0.6666666666666666	0.0
0	0.25	0.25	0.25	0.5	0.5	0.0	0.0	0.5	0.0	0.5	0.25	0.25	0.5	0.5	0.0	0.25	0.25	0.25	0.0	0.75	0.25	0.25	0.25	0.25	0.25	0.25	0.25	0.25	0.25	0.25	0.0	0.0	0.5	0.25	0.25	0.25	0.5	0.25	0.0
0	0.0	0.3333333333333333	0.3333333333333333	0.0	0.4444444444444444	0.1111111111111111	0.0	0.5555555555555556	0.0	0.0	0.2222222222222222	0.3333333333333333	0.5555555555555556	0.0	0.0	0.1111111111111111	0.5555555555555556	0.1111111111111111	0.0	0.3333333333333333	0.2222222222222222	0.1111111111111111	0.1111111111111111	0.3333333333333333	0.2222222222222222	0.3333333333333333	0.0	0.1111111111111111	0.1111111111111111	0.3333333333333333	0.1111111111111111	0.0	0.2222222222222222	0.2222222222222222	0.1111111111111111	0.1111111111111111	0.3333333333333333	0.3333333333333333	0.0
0	0.125	0.0	0.125	0.125	0.375	0.0	0.0	0.375	0.0	0.25	0.0	0.125	0.0	0.125	0.0	0.375	0.0	0.125	0.125	0.0	0.125	0.0	0.25	0.0	0.125	0.0	0.125	0.25	0.25	0.0	0.125	0.0	0.0	0.0	0.125	0.125	0.125	0.25	0.0
0	0.0	0.0	1.0	0.0	0.0	0.0	0.0	0.0	0.0	0.0	0.0	0.0	0.0	0.0	1.0	0.0	1.0	0.0	0.0	0.0	0.0	0.0	0.0	0.0	0.0	0.0	0.0	0.0	0.0	0.0	0.0	0.0	0.0	0.0	0.0	0.0	0.0	1.0	0.0
0	1.0	0.0	0.0	0.0	0.25	0.0	0.0	0.25	0.0	0.5	0.25	0.0	0.25	0.0	0.0	0.75	0.0	0.0	0.5	0.25	0.0	0.75	0.0	0.25	0.0	0.25	0.75	0.75	0.0	0.25	0.0	0.0	0.5	0.25	0.25	0.0	0.5	0.0	0.5
0	0.25	0.0	0.125	0.25	0.125	0.125	0.0	0.125	0.125	0.125	0.125	0.0	0.0	0.125	0.125	0.375	0.125	0.0	0.25	0.0	0.125	0.0	0.375	0.125	0.125	0.0	0.25	0.125	0.25	0.25	0.25	0.0	0.0	0.0	0.25	0.125	0.25	0.25	0.0
0	0.0	0.0	1.0	0.0	1.0	0.0	0.0	1.0	0.0	0.0	1.0	0.0	0.0	1.0	0.0	0.0	0.0	1.0	0.0	0.0	1.0	1.0	0.0	0.0	1.0	0.0	0.0	1.0	0.0	0.0	0.0	0.0	0.0	0.0	0.0	0.0	0.0	1.0	0.0
0	0.0	0.0	1.0	0.0	0.0	0.0	0.0	0.0	0.0	0.0	0.0	0.0	0.0	0.0	1.0	0.0	1.0	0.0	0.0	0.0	0.0	0.0	0.0	0.0	0.0	0.0	0.0	0.0	0.0	0.0	0.0	0.0	0.0	0.0	0.0	0.0	0.0	1.0	0.0
0	0.1538461538461538	0.0769230769230769	0.4615384615384615	0.0769230769230769	0.3076923076923077	0.2307692307692307	0.0769230769230769	0.3076923076923077	0.2307692307692307	0.1538461538461538	0.3846153846153846	0.1538461538461538	0.3076923076923077	0.2307692307692307	0.0	0.2307692307692307	0.4615384615384615	0.0769230769230769	0.1538461538461538	0.0769230769230769	0.4615384615384615	0.3846153846153846	0.2307692307692307	0.0769230769230769	0.4615384615384615	0.0769230769230769	0.1538461538461538	0.2307692307692307	0.0769230769230769	0.2307692307692307	0.1538461538461538	0.0	0.0	0.1538461538461538	0.2307692307692307	0.3846153846153846	0.1538461538461538	0.5384615384615384	0.0769230769230769
0	0.0	0.0	0.6	0.0	0.4	0.0	0.0	0.4	0.0	0.4	0.6	0.0	0.0	0.6	0.0	0.4	0.6	0.0	0.0	0.0	0.6	0.2	0.4	0.0	0.6	0.0	0.0	0.4	0.0	0.4	0.0	0.0	0.0	0.0	0.0	0.6	0.0	1.0	0.0
0	0.0	0.0	1.0	0.0	1.0	0.0	0.0	1.0	0.0	0.0	0.0	1.0	1.0	0.0	0.0	0.0	0.0	1.0	0.0	0.0	1.0	1.0	0.0	0.0	1.0	0.0	0.0	1.0	0.0	0.0	0.0	0.0	0.0	0.0	1.0	0.0	0.0	0.0	0.0
0	0.0	0.0	0.5	0.0	0.0	0.5	0.0	0.0	0.5	0.0	0.5	0.0	0.5	0.0	0.0	0.0	0.5	0.0	0.0	0.0	0.5	0.0	0.5	0.5	0.5	0.0	0.0	0.0	0.0	1.0	0.0	0.0	0.0	0.0	0.0	0.5	0.0	0.5	0.0
0	0.1666666666666666	0.1666666666666666	0.3333333333333333	0.0	0.3333333333333333	0.1666666666666666	0.0	0.5	0.0	0.0	0.3333333333333333	0.1666666666666666	0.3333333333333333	0.0	0.3333333333333333	0.1666666666666666	0.5	0.0	0.1666666666666666	0.1666666666666666	0.1666666666666666	0.1666666666666666	0.3333333333333333	0.0	0.3333333333333333	0.1666666666666666	0.1666666666666666	0.0	0.1666666666666666	0.1666666666666666	0.0	0.0	0.3333333333333333	0.1666666666666666	0.1666666666666666	0.1666666666666666	0.1666666666666666	0.5	0.1666666666666666
0	0.0	0.0	0.0	0.0	0.0	0.0	0.0	0.0	0.0	0.0	0.0	0.0	0.0	0.0	1.0	0.0	0.0	0.0	0.0	0.0	0.0	0.0	0.0	1.0	0.0	0.0	0.0	0.0	0.0	1.0	0.0	0.0	0.0	1.0	0.0	0.0	0.0	0.0	0.0
0	0.0	0.0	0.6	0.0	0.2	0.4	0.0	0.2	0.4	0.2	0.6	0.0	0.2	0.4	0.2	0.2	0.6	0.0	0.0	0.0	0.6	0.2	0.4	0.0	0.6	0.0	0.0	0.2	0.0	0.4	0.0	0.0	0.0	0.0	0.0	0.6	0.0	0.8	0.0
0	0.1818181818181818	0.3636363636363636	0.0	0.0	0.4545454545454545	0.0909090909090909	0.0	0.5454545454545454	0.0	0.0909090909090909	0.3636363636363636	0.0	0.1818181818181818	0.1818181818181818	0.0	0.1818181818181818	0.3636363636363636	0.0	0.2727272727272727	0.1818181818181818	0.1818181818181818	0.2727272727272727	0.0909090909090909	0.1818181818181818	0.0	0.3636363636363636	0.1818181818181818	0.3636363636363636	0.0	0.2727272727272727	0.0909090909090909	0.0	0.1818181818181818	0.0909090909090909	0.3636363636363636	0.2727272727272727	0.3636363636363636	0.0	0.1818181818181818
0	0.0	0.0	0.0	0.0	0.0	0.0	0.0	0.0	0.0	0.0	0.0	0.0	0.0	0.0	0.0	0.0	0.0	0.0	0.0	0.0	0.0	0.0	0.0	0.0	0.0	0.0	0.0	0.0	0.0	0.0	0.0	0.0	0.0	0.0	0.0	0.0	0.0	0.0	0.0
0	0.0	0.0	1.0	0.0	0.0	0.0	0.0	0.0	0.0	0.0	1.0	0.0	0.0	1.0	0.0	0.0	1.0	0.0	0.0	0.0	1.0	0.0	1.0	0.0	1.0	0.0	0.0	0.0	0.0	1.0	0.0	0.0	0.0	0.0	0.0	1.0	0.0	1.0	0.0
0	0.0	0.0	0.3333333333333333	0.0	0.0	0.0	0.0	0.0	0.0	0.0	0.3333333333333333	0.0	0.0	0.3333333333333333	0.0	0.0	0.3333333333333333	0.0	0.0	0.0	0.3333333333333333	0.0	0.3333333333333333	0.0	0.3333333333333333	0.0	0.0	0.0	0.0	0.3333333333333333	0.0	0.0	0.0	0.0	0.0	0.3333333333333333	0.0	0.3333333333333333	0.0
0	0.0	0.5	0.0	0.0	0.5	0.0	0.0	0.5	0.0	0.0	0.5	0.0	0.5	0.0	0.0	0.0	0.5	0.0	0.0	0.5	0.0	0.0	0.0	0.0	0.0	0.5	0.0	0.0	0.0	0.0	0.0	0.0	0.5	0.0	0.0	0.0	0.5	0.0	0.0
0	0.1	0.0	0.5	0.1	0.2	0.3	0.1	0.2	0.3	0.3	0.4	0.1	0.2	0.3	0.1	0.2	0.5	0.0	0.0	0.0	0.5	0.1	0.3	0.3	0.4	0.1	0.0	0.2	0.0	0.6	0.0	0.0	0.0	0.2	0.1	0.4	0.0	0.7	0.1
0	0.0	0.0	0.6666666666666666	0.0	0.6666666666666666	0.0	0.0	0.6666666666666666	0.0	0.0	0.0	0.6666666666666666	0.6666666666666666	0.0	0.0	0.0	0.0	0.6666666666666666	0.0	0.0	0.6666666666666666	0.6666666666666666	0.0	0.0	0.6666666666666666	0.0	0.0	0.6666666666666666	0.0	0.0	0.0	0.0	0.0	0.0	0.6666666666666666	0.0	0.0	0.0	0.0
0	0.0	0.0	0.5	0.0	0.5	0.0	0.0	0.5	0.0	0.0	0.0	0.5	0.5	0.0	0.0	0.0	0.0	0.5	0.0	0.0	0.5	0.5	0.0	0.0	0.5	0.0	0.0	0.5	0.0	0.0	0.0	0.0	0.0	0.0	0.5	0.0	0.0	0.0	0.0
0	0.1428571428571428	0.0	0.4285714285714285	0.1428571428571428	0.1428571428571428	0.1428571428571428	0.0	0.1428571428571428	0.1428571428571428	0.1428571428571428	0.4285714285714285	0.0	0.0	0.4285714285714285	0.1428571428571428	0.2857142857142857	0.4285714285714285	0.0	0.1428571428571428	0.0	0.4285714285714285	0.1428571428571428	0.4285714285714285	0.0	0.4285714285714285	0.0	0.1428571428571428	0.1428571428571428	0.1428571428571428	0.2857142857142857	0.1428571428571428	0.0	0.0	0.0	0.1428571428571428	0.4285714285714285	0.1428571428571428	0.5714285714285714	0.0
0	0.0909090909090909	0.2727272727272727	0.3636363636363636	0.1818181818181818	0.0909090909090909	0.1818181818181818	0.1818181818181818	0.0909090909090909	0.1818181818181818	0.0	0.4545454545454545	0.1818181818181818	0.4545454545454545	0.0	0.0	0.0909090909090909	0.6363636363636364	0.0	0.1818181818181818	0.1818181818181818	0.2727272727272727	0.2727272727272727	0.0	0.1818181818181818	0.1818181818181818	0.4545454545454545	0.0909090909090909	0.0909090909090909	0.0	0.1818181818181818	0.0	0.0	0.3636363636363636	0.0909090909090909	0.3636363636363636	0.1818181818181818	0.2727272727272727	0.3636363636363636	0.0909090909090909
0	0.0	0.0	0.5	0.0	0.0	0.0	0.0	0.0	0.0	0.0	0.5	0.0	0.0	0.5	0.0	0.0	0.5	0.0	0.0	0.0	0.5	0.0	0.5	0.0	0.5	0.0	0.0	0.0	0.0	0.5	0.0	0.0	0.0	0.0	0.0	0.5	0.0	0.5	0.0
0	0.0	1.0	0.0	0.0	1.0	0.0	0.0	0.0	0.0	0.0	1.0	0.0	0.0	1.0	0.0	1.0	0.0	0.0	0.0	1.0	0.0	0.0	0.0	1.0	0.0	1.0	0.0	0.0	0.0	1.0	0.0	0.0	1.0	1.0	0.0	0.0	1.0	0.0	0.0
0	0.0	0.0	1.0	0.0	0.5	0.5	0.0	1.0	0.0	0.0	0.5	0.5	0.5	0.0	0.0	0.0	0.0	1.0	0.0	0.5	0.0	1.0	0.0	0.0	1.0	0.0	0.0	1.0	0.0	0.0	0.0	0.0	0.0	0.0	0.5	0.0	0.0	0.5	0.0
0	0.0	0.0	0.3333333333333333	0.0	0.0	0.3333333333333333	0.0	0.0	0.3333333333333333	0.0	0.3333333333333333	0.0	0.0	0.3333333333333333	0.3333333333333333	0.0	0.3333333333333333	0.0	0.0	0.0	0.3333333333333333	0.0	0.3333333333333333	0.3333333333333333	0.3333333333333333	0.0	0.0	0.0	0.0	0.6666666666666666	0.0	0.0	0.0	0.0	0.0	0.3333333333333333	0.0	0.3333333333333333	0.0
0	0.0	0.0	1.0	0.0	0.5	0.0	0.0	0.5	0.0	0.0	0.0	0.5	0.5	0.0	0.0	0.0	0.5	0.5	0.0	0.0	0.5	0.5	0.0	0.5	0.5	0.0	0.0	0.5	0.0	0.5	0.0	0.0	0.0	0.5	0.5	0.0	0.0	0.5	0.0
0	0.0	0.0	0.3333333333333333	0.0	0.3333333333333333	0.0	0.0	0.3333333333333333	0.0	0.0	0.0	0.3333333333333333	0.3333333333333333	0.0	0.0	0.0	0.0	0.3333333333333333	0.0	0.0	0.3333333333333333	0.3333333333333333	0.0	0.0	0.3333333333333333	0.0	0.0	0.3333333333333333	0.0	0.0	0.0	0.0	0.0	0.0	0.3333333333333333	0.0	0.0	0.0	0.0
0	0.0	0.0	0.0	0.0	0.0	1.0	0.0	0.0	1.0	0.0	0.0	0.0	0.0	0.0	1.0	0.0	0.0	0.0	0.0	0.0	0.0	0.0	0.0	0.0	0.0	0.0	0.0	0.0	0.0	0.0	0.0	0.0	0.0	0.0	0.0	0.0	0.0	0.0	0.0
0	0.0	0.0	0.25	0.0	0.0	0.25	0.0	0.0	0.25	0.0	0.25	0.0	0.0	0.25	0.25	0.0	0.25	0.0	0.0	0.0	0.25	0.0	0.25	0.25	0.25	0.0	0.0	0.0	0.0	0.5	0.0	0.0	0.0	0.0	0.0	0.25	0.0	0.25	0.0
0	0.2222222222222222	0.0	0.5555555555555556	0.1111111111111111	0.1111111111111111	0.1111111111111111	0.1111111111111111	0.1111111111111111	0.1111111111111111	0.2222222222222222	0.4444444444444444	0.1111111111111111	0.2222222222222222	0.4444444444444444	0.0	0.1111111111111111	0.4444444444444444	0.1111111111111111	0.0	0.0	0.6666666666666666	0.3333333333333333	0.3333333333333333	0.2222222222222222	0.5555555555555556	0.0	0.1111111111111111	0.2222222222222222	0.0	0.5555555555555556	0.0	0.0	0.0	0.0	0.1111111111111111	0.5555555555555556	0.1111111111111111	0.4444444444444444	0.1111111111111111
0	0.5	0.0	0.0	0.5	0.5	0.0	0.0	0.5	0.0	0.5	0.0	0.0	0.0	0.0	0.0	1.0	0.0	0.0	0.5	0.0	0.0	0.0	0.5	0.0	0.0	0.0	0.5	0.5	0.5	0.0	0.5	0.0	0.0	0.0	0.5	0.0	0.5	0.5	0.0
0	0.0	0.0	0.4	0.0	0.4	0.0	0.0	0.4	0.0	0.0	0.0	0.4	0.0	0.4	0.0	0.0	0.0	0.4	0.0	0.0	0.4	0.0	0.4	0.0	0.4	0.0	0.0	0.0	0.4	0.0	0.0	0.0	0.0	0.0	0.0	0.4	0.0	0.0	0.0
0	1.0	0.0	0.0	1.0	0.0	0.0	0.0	0.0	0.0	0.0	0.0	0.0	0.0	0.0	0.0	1.0	0.0	0.0	1.0	0.0	0.0	0.0	1.0	0.0	0.0	0.0	1.0	0.0	1.0	0.0	1.0	0.0	0.0	0.0	1.0	0.0	1.0	0.0	0.0
0	0.0	0.0	0.5	0.0	0.5	0.0	0.0	0.5	0.0	0.0	0.0	0.5	0.5	0.0	0.0	0.0	0.0	0.5	0.0	0.0	0.5	0.5	0.0	0.0	0.5	0.0	0.0	0.5	0.0	0.0	0.0	0.0	0.0	0.0	0.5	0.0	0.0	0.0	0.0
0	0.0	0.0	0.3333333333333333	0.0	0.3333333333333333	0.0	0.0	0.3333333333333333	0.0	0.3333333333333333	0.3333333333333333	0.0	0.0	0.3333333333333333	0.0	0.3333333333333333	0.3333333333333333	0.0	0.0	0.0	0.3333333333333333	0.0	0.3333333333333333	0.0	0.3333333333333333	0.0	0.0	0.3333333333333333	0.0	0.3333333333333333	0.0	0.0	0.0	0.0	0.0	0.3333333333333333	0.0	0.6666666666666666	0.0
0	0.2	0.0	0.2	0.2	0.6	0.0	0.0	0.6	0.0	0.4	0.0	0.2	0.0	0.2	0.0	0.6	0.0	0.2	0.2	0.0	0.2	0.0	0.4	0.0	0.2	0.0	0.2	0.4	0.4	0.0	0.2	0.0	0.0	0.0	0.2	0.2	0.2	0.4	0.0
0	0.5	0.0	0.0	0.0	0.0	0.0	0.0	0.0	0.0	0.5	0.0	0.0	0.0	0.0	0.0	0.5	0.0	0.0	0.5	0.0	0.0	0.5	0.0	0.0	0.0	0.0	0.5	0.5	0.0	0.0	0.0	0.0	0.5	0.0	0.5	0.0	0.5	0.0	0.0
0	0.2	0.0	0.4	0.0	0.2	0.2	0.0	0.4	0.0	0.2	0.2	0.2	0.0	0.4	0.0	0.0	0.2	0.2	0.2	0.0	0.4	0.0	0.6	0.0	0.4	0.0	0.2	0.0	0.2	0.4	0.2	0.0	0.0	0.0	0.2	0.4	0.0	0.2	0.2
0	0.0	1.0	0.0	0.0	0.0	1.0	0.0	0.0	1.0	0.0	1.0	0.0	0.0	1.0	0.0	0.0	1.0	0.0	0.0	1.0	0.0	0.0	0.0	1.0	0.0	1.0	0.0	0.0	0.0	1.0	1.0	0.0	0.0	1.0	0.0	0.0	1.0	0.0	0.0
0	0.2	0.0	0.2	0.0	0.0	0.4	0.0	0.0	0.4	0.0	0.2	0.0	0.0	0.2	0.2	0.0	0.2	0.0	0.2	0.0	0.2	0.0	0.4	0.2	0.2	0.0	0.2	0.0	0.0	0.6	0.2	0.0	0.0	0.0	0.2	0.2	0.0	0.2	0.2
0	0.0	0.0	1.0	0.0	0.0	0.0	0.0	0.0	0.0	0.0	1.0	0.0	0.0	1.0	0.0	0.0	1.0	0.0	0.0	0.0	1.0	1.0	0.0	0.0	1.0	0.0	0.0	0.0	0.0	0.0	0.0	0.0	0.0	0.0	0.0	1.0	0.0	1.0	0.0
0	0.0	0.0	1.0	0.0	0.0	0.0	0.0	0.0	0.0	0.0	0.0	0.0	0.0	0.0	0.0	0.0	1.0	0.0	0.0	0.0	0.0	0.0	0.0	1.0	0.0	0.0	0.0	0.0	0.0	1.0	0.0	0.0	0.0	1.0	0.0	0.0	0.0	1.0	0.0
0	0.0	0.0	1.0	0.0	0.0	1.0	0.0	0.0	1.0	0.0	0.0	0.0	0.0	0.0	0.0	0.0	1.0	0.0	0.0	0.0	0.0	0.0	0.0	1.0	0.0	0.0	0.0	0.0	0.0	1.0	0.0	0.0	0.0	0.0	0.0	0.0	0.0	1.0	0.0
0	0.1666666666666666	0.0	0.1666666666666666	0.1666666666666666	0.1666666666666666	0.1666666666666666	0.0	0.1666666666666666	0.1666666666666666	0.1666666666666666	0.1666666666666666	0.0	0.0	0.1666666666666666	0.1666666666666666	0.3333333333333333	0.1666666666666666	0.0	0.1666666666666666	0.0	0.1666666666666666	0.0	0.3333333333333333	0.1666666666666666	0.1666666666666666	0.0	0.1666666666666666	0.1666666666666666	0.1666666666666666	0.3333333333333333	0.1666666666666666	0.0	0.0	0.0	0.1666666666666666	0.1666666666666666	0.1666666666666666	0.3333333333333333	0.0
0	0.0	1.0	0.0	0.0	1.0	0.0	0.0	1.0	0.0	0.0	1.0	0.0	0.0	1.0	0.0	0.0	1.0	0.0	0.0	1.0	0.0	0.0	0.0	0.0	0.0	1.0	0.0	0.0	0.0	0.0	0.0	0.0	0.0	1.0	0.0	0.0	1.0	0.0	0.0
0	0.0	0.0	0.0	0.0	0.0	0.0	0.0	1.0	0.0	0.0	0.0	0.0	0.0	0.0	0.0	0.0	0.0	1.0	0.0	0.0	0.0	0.0	0.0	1.0	0.0	0.0	0.0	0.0	0.0	1.0	0.0	0.0	0.0	0.0	0.0	0.0	0.0	0.0	0.0
0	0.5	0.0	0.0	0.0	0.5	0.5	0.0	1.0	0.0	1.0	0.0	0.0	0.0	0.0	0.0	0.5	0.0	0.0	0.5	0.0	0.0	0.0	0.5	0.0	0.0	0.0	0.5	0.5	0.0	0.5	0.5	0.0	0.0	0.0	0.5	0.0	0.0	0.5	0.5
0	0.0	0.0	0.0	0.0	0.0	0.0	0.0	1.0	0.0	0.0	0.0	0.0	0.0	0.0	0.0	0.0	0.0	1.0	0.0	0.0	0.0	0.0	0.0	0.0	0.0	0.0	0.0	0.0	0.0	0.0	0.0	0.0	0.0	0.0	0.0	0.0	0.0	0.0	0.0
0	0.2	0.0	0.2	0.2	0.2	0.2	0.0	0.2	0.2	0.2	0.2	0.0	0.0	0.2	0.2	0.4	0.2	0.0	0.2	0.0	0.2	0.0	0.4	0.2	0.2	0.0	0.2	0.2	0.2	0.4	0.2	0.0	0.0	0.0	0.2	0.2	0.2	0.4	0.0
0	0.5	0.5	0.0	0.0	0.0	1.0	0.0	1.0	0.0	0.5	0.0	0.5	0.5	0.0	0.0	0.0	0.5	0.0	0.5	0.5	0.0	0.0	0.5	0.5	0.0	0.5	0.5	0.0	0.0	1.0	1.0	0.0	0.0	0.0	0.5	0.0	0.5	0.0	0.5
0	0.0	0.0	0.0	0.0	0.0	0.0	0.0	0.0	0.0	0.0	0.0	0.0	0.0	0.0	0.0	0.0	0.0	0.0	0.0	0.0	0.0	0.0	0.0	0.0	0.0	0.0	0.0	0.0	0.0	0.0	0.0	0.0	0.0	0.0	0.0	0.0	0.0	0.0	0.0
0	0.25	0.0	0.25	0.0	0.0	0.25	0.0	0.25	0.0	0.25	0.25	0.0	0.0	0.25	0.0	0.0	0.25	0.0	0.25	0.0	0.25	0.0	0.5	0.0	0.25	0.0	0.25	0.0	0.0	0.5	0.25	0.0	0.0	0.0	0.25	0.25	0.0	0.25	0.25
0	0.0	0.0	0.0	0.0	0.0	0.0	0.0	0.0	0.0	0.0	0.0	0.0	0.0	0.0	0.0	0.0	0.0	0.0	0.5	0.0	0.0	0.0	0.0	0.0	0.0	0.0	0.0	0.0	0.0	0.0	0.0	0.0	0.5	0.0	0.5	0.0	0.0	0.0	0.0
0	0.0	0.0	0.5	0.0	0.0	0.0	0.0	0.0	0.0	0.0	1.0	0.0	0.5	0.5	0.0	0.0	0.5	0.0	0.0	0.0	1.0	0.0	1.0	0.0	1.0	0.0	0.0	0.0	0.0	1.0	0.0	0.0	0.0	0.0	0.0	1.0	0.0	0.5	0.0
0	0.0	0.0	0.0	0.0	0.0	0.0	0.0	0.0	0.0	0.0	0.0	0.0	0.0	0.0	0.0	0.0	0.0	0.0	0.0	0.0	0.0	0.0	0.0	0.0	0.0	0.0	0.0	0.0	0.0	0.0	0.0	0.0	0.0	0.0	0.0	0.0	0.0	0.0	0.0
0	0.0	0.0	0.0	0.0	0.0	1.0	0.0	0.0	1.0	0.0	0.0	0.0	0.0	0.0	1.0	0.0	0.0	0.0	0.0	0.0	0.0	0.0	0.0	1.0	0.0	0.0	0.0	0.0	0.0	1.0	0.0	0.0	0.0	0.0	0.0	0.0	0.0	0.0	0.0
0	0.0	0.0	0.0	0.0	0.0	1.0	0.0	1.0	0.0	1.0	0.0	0.0	1.0	0.0	0.0	1.0	0.0	0.0	0.0	0.0	1.0	0.0	0.0	0.0	0.0	0.0	0.0	1.0	0.0	0.0	0.0	0.0	0.0	0.0	1.0	0.0	0.0	1.0	0.0
0	0.0	0.0	0.0	0.0	0.5	0.0	0.0	0.5	0.0	0.5	0.0	0.0	0.0	0.0	0.0	0.5	0.0	0.0	0.0	0.0	0.0	0.0	0.0	0.0	0.0	0.0	0.0	0.5	0.0	0.0	0.0	0.0	0.0	0.0	0.0	0.0	0.0	0.5	0.0
0	0.0	0.0	0.25	0.0	0.25	0.0	0.0	0.25	0.0	0.0	0.0	0.25	0.25	0.0	0.0	0.0	0.0	0.25	0.0	0.0	0.25	0.25	0.0	0.0	0.25	0.0	0.0	0.25	0.0	0.0	0.0	0.0	0.0	0.0	0.25	0.0	0.0	0.0	0.0
0	0.2857142857142857	0.1428571428571428	0.5714285714285714	0.0	0.2857142857142857	0.4285714285714285	0.0	0.5714285714285714	0.1428571428571428	0.0	0.4285714285714285	0.2857142857142857	0.4285714285714285	0.0	0.1428571428571428	0.0	0.4285714285714285	0.2857142857142857	0.1428571428571428	0.2857142857142857	0.1428571428571428	0.4285714285714285	0.1428571428571428	0.4285714285714285	0.4285714285714285	0.2857142857142857	0.1428571428571428	0.1428571428571428	0.1428571428571428	0.4285714285714285	0.1428571428571428	0.0	0.0	0.4285714285714285	0.2857142857142857	0.0	0.1428571428571428	0.2857142857142857	0.2857142857142857
0	0.3636363636363636	0.0	0.0	0.1818181818181818	0.0	0.0	0.1818181818181818	0.0	0.0	0.3636363636363636	0.0	0.0	0.1818181818181818	0.0	0.0	0.1818181818181818	0.0	0.0	0.3636363636363636	0.1818181818181818	0.0	0.0909090909090909	0.0909090909090909	0.0909090909090909	0.0	0.0	0.1818181818181818	0.0909090909090909	0.0909090909090909	0.0909090909090909	0.1818181818181818	0.0	0.3636363636363636	0.0	0.3636363636363636	0.0	0.1818181818181818	0.0	0.1818181818181818
0	0.0	0.0	0.5	0.5	0.0	0.0	0.5	0.0	0.0	0.0	0.0	0.5	0.5	0.0	0.0	0.0	0.0	0.5	0.0	0.0	0.5	0.5	0.0	0.0	0.5	0.0	0.0	0.5	0.0	0.0	0.0	0.0	0.0	0.0	0.0	0.5	0.0	0.0	0.0
0	0.5	0.0	0.0	0.5	0.5	0.0	0.0	0.5	0.0	0.5	0.0	0.0	0.0	0.0	0.0	1.0	0.0	0.0	0.5	0.0	0.0	0.0	0.5	0.0	0.0	0.0	0.5	0.5	0.5	0.0	0.5	0.0	0.0	0.0	0.5	0.0	0.5	0.5	0.0
0	0.0	0.0	0.0	0.0	0.0	0.0	0.0	1.0	0.0	0.0	0.0	0.0	0.0	0.0	0.0	0.0	0.0	1.0	0.0	0.0	0.0	0.0	0.0	0.0	0.0	0.0	0.0	0.0	0.0	0.0	0.0	0.0	0.0	0.0	0.0	0.0	0.0	0.0	0.0
0	0.0	0.0	0.3333333333333333	0.0	0.3333333333333333	0.0	0.0	0.3333333333333333	0.0	0.0	0.0	0.3333333333333333	0.3333333333333333	0.0	0.0	0.0	0.0	0.3333333333333333	0.0	0.0	0.3333333333333333	0.3333333333333333	0.0	0.0	0.3333333333333333	0.0	0.0	0.3333333333333333	0.0	0.0	0.0	0.0	0.0	0.0	0.3333333333333333	0.0	0.0	0.0	0.0
0	0.0	1.0	0.0	0.0	1.0	0.0	0.0	1.0	0.0	0.0	1.0	0.0	1.0	0.0	0.0	0.0	1.0	0.0	0.0	1.0	0.0	1.0	0.0	0.0	0.0	1.0	0.0	1.0	0.0	0.0	0.0	0.0	1.0	0.0	1.0	0.0	1.0	0.0	0.0
0	0.2857142857142857	0.0	0.2857142857142857	0.1428571428571428	0.1428571428571428	0.1428571428571428	0.0	0.2857142857142857	0.0	0.1428571428571428	0.1428571428571428	0.1428571428571428	0.0	0.2857142857142857	0.0	0.1428571428571428	0.1428571428571428	0.1428571428571428	0.2857142857142857	0.0	0.2857142857142857	0.0	0.5714285714285714	0.0	0.2857142857142857	0.0	0.2857142857142857	0.0	0.2857142857142857	0.2857142857142857	0.2857142857142857	0.0	0.0	0.0	0.2857142857142857	0.2857142857142857	0.1428571428571428	0.1428571428571428	0.1428571428571428
0	0.0	0.0	1.0	0.0	1.0	0.0	0.0	1.0	0.0	0.0	0.0	1.0	1.0	0.0	0.0	0.0	0.0	1.0	0.0	0.0	1.0	1.0	0.0	0.0	1.0	0.0	0.0	1.0	0.0	0.0	0.0	0.0	0.0	0.0	1.0	0.0	0.0	0.0	0.0
0	0.0	0.0	0.2	0.0	0.2	0.2	0.0	0.2	0.2	0.2	0.2	0.0	0.0	0.2	0.2	0.2	0.2	0.0	0.0	0.0	0.2	0.0	0.2	0.2	0.2	0.0	0.0	0.2	0.0	0.4	0.0	0.0	0.0	0.0	0.0	0.2	0.0	0.4	0.0
0	0.0	0.0	0.0	0.0	0.0	0.0	0.0	0.0	0.0	0.0	0.0	0.0	0.0	0.0	0.0	0.0	0.0	0.0	0.0	0.0	0.0	0.0	0.0	1.0	0.0	0.0	0.0	0.0	0.0	1.0	0.0	0.0	0.0	0.0	0.0	0.0	0.0	0.0	0.0
0	0.3	0.2	0.2	0.0	0.5	0.1	0.1	0.6	0.0	0.0	0.3	0.1	0.1	0.2	0.2	0.4	0.2	0.0	0.2	0.1	0.2	0.3	0.1	0.2	0.1	0.3	0.3	0.2	0.0	0.3	0.0	0.0	0.0	0.2	0.0	0.4	0.2	0.2	0.3
0	0.0	0.0	0.25	0.0	0.25	0.0	0.0	0.25	0.0	0.25	0.25	0.0	0.0	0.25	0.0	0.25	0.25	0.0	0.0	0.0	0.25	0.0	0.25	0.0	0.25	0.0	0.0	0.25	0.0	0.25	0.0	0.0	0.0	0.0	0.0	0.25	0.0	0.5	0.0
0	0.0	0.0	0.5	0.0	0.1666666666666666	0.1666666666666666	0.0	0.1666666666666666	0.1666666666666666	0.1666666666666666	0.5	0.0	0.0	0.5	0.1666666666666666	0.1666666666666666	0.5	0.0	0.0	0.0	0.5	0.1666666666666666	0.3333333333333333	0.0	0.5	0.0	0.0	0.1666666666666666	0.0	0.3333333333333333	0.0	0.0	0.0	0.0	0.0	0.5	0.0	0.6666666666666666	0.0
0	0.0	0.0	0.5	0.0	0.1666666666666666	0.1666666666666666	0.0	0.1666666666666666	0.1666666666666666	0.1666666666666666	0.5	0.0	0.1666666666666666	0.3333333333333333	0.0	0.1666666666666666	0.5	0.0	0.0	0.0	0.5	0.0	0.5	0.1666666666666666	0.5	0.0	0.0	0.1666666666666666	0.0	0.6666666666666666	0.0	0.0	0.0	0.0	0.0	0.5	0.0	0.6666666666666666	0.0
0	0.1666666666666666	0.0	0.1666666666666666	0.3333333333333333	0.3333333333333333	0.0	0.1666666666666666	0.3333333333333333	0.0	0.3333333333333333	0.0	0.1666666666666666	0.1666666666666666	0.0	0.0	0.5	0.0	0.1666666666666666	0.1666666666666666	0.0	0.1666666666666666	0.1666666666666666	0.1666666666666666	0.0	0.1666666666666666	0.0	0.1666666666666666	0.5	0.1666666666666666	0.0	0.1666666666666666	0.0	0.0	0.0	0.1666666666666666	0.1666666666666666	0.1666666666666666	0.3333333333333333	0.0
0	0.0	0.0	0.5	0.0	0.5	0.0	0.0	0.5	0.0	0.0	0.0	0.5	0.5	0.0	0.0	0.0	0.0	0.5	0.0	0.0	0.5	0.5	0.0	0.0	0.5	0.0	0.0	0.5	0.0	0.0	0.0	0.0	0.0	0.0	0.5	0.0	0.0	0.0	0.0
0	0.2	0.0	0.2	0.2	0.2	0.0	0.0	0.2	0.0	0.2	0.2	0.0	0.0	0.2	0.0	0.4	0.2	0.0	0.2	0.0	0.2	0.0	0.4	0.0	0.2	0.0	0.2	0.2	0.2	0.2	0.2	0.0	0.0	0.0	0.2	0.2	0.2	0.4	0.0
0	0.1666666666666666	0.0	0.1666666666666666	0.0	0.0	0.1666666666666666	0.0	0.1666666666666666	0.0	0.1666666666666666	0.1666666666666666	0.0	0.0	0.1666666666666666	0.0	0.0	0.1666666666666666	0.0	0.1666666666666666	0.0	0.1666666666666666	0.0	0.3333333333333333	0.0	0.1666666666666666	0.0	0.1666666666666666	0.0	0.0	0.3333333333333333	0.1666666666666666	0.0	0.0	0.0	0.1666666666666666	0.1666666666666666	0.0	0.1666666666666666	0.1666666666666666
0	0.5	0.0	0.5	0.25	0.25	0.25	0.0	0.5	0.0	0.25	0.25	0.25	0.5	0.0	0.0	0.25	0.25	0.25	0.25	0.0	0.5	1.0	0.0	0.0	0.5	0.0	0.5	0.5	0.0	0.0	0.0	0.0	0.25	0.0	0.75	0.0	0.25	0.25	0.25
0	0.0	0.0	0.4	0.0	0.0	0.2	0.0	0.0	0.2	0.0	0.4	0.0	0.0	0.4	0.2	0.0	0.4	0.0	0.0	0.0	0.4	0.0	0.4	0.2	0.4	0.0	0.0	0.0	0.0	0.6	0.0	0.0	0.0	0.0	0.0	0.4	0.0	0.4	0.0
0	0.2727272727272727	0.1818181818181818	0.2727272727272727	0.0	0.0	0.4545454545454545	0.0	0.4545454545454545	0.0	0.2727272727272727	0.2727272727272727	0.1818181818181818	0.0	0.4545454545454545	0.0	0.0	0.4545454545454545	0.0	0.2727272727272727	0.1818181818181818	0.2727272727272727	0.0	0.5454545454545454	0.0	0.2727272727272727	0.1818181818181818	0.2727272727272727	0.0	0.0	0.5454545454545454	0.4545454545454545	0.0	0.0	0.1818181818181818	0.2727272727272727	0.2727272727272727	0.1818181818181818	0.2727272727272727	0.2727272727272727
0	0.2	0.0	0.2	0.3	0.1	0.1	0.1	0.1	0.1	0.1	0.1	0.1	0.1	0.1	0.1	0.3	0.1	0.1	0.2	0.0	0.2	0.1	0.3	0.1	0.2	0.0	0.2	0.2	0.2	0.2	0.2	0.0	0.0	0.0	0.2	0.2	0.2	0.2	0.0
0	0.0	0.5	0.1666666666666666	0.0	0.3333333333333333	0.1666666666666666	0.0	0.5	0.0	0.0	0.3333333333333333	0.1666666666666666	0.5	0.0	0.0	0.0	0.6666666666666666	0.0	0.0	0.5	0.0	0.0	0.0	0.3333333333333333	0.0	0.5	0.0	0.0	0.0	0.3333333333333333	0.1666666666666666	0.0	0.3333333333333333	0.1666666666666666	0.0	0.0	0.5	0.1666666666666666	0.0
0	0.0	0.6666666666666666	0.0	0.3333333333333333	0.3333333333333333	0.3333333333333333	0.3333333333333333	0.3333333333333333	0.3333333333333333	0.0	0.6666666666666666	0.0	0.6666666666666666	0.0	0.0	0.0	0.6666666666666666	0.0	0.0	0.3333333333333333	0.3333333333333333	0.0	0.0	0.0	0.0	0.6666666666666666	0.0	0.0	0.0	0.0	0.0	0.0	0.3333333333333333	0.6666666666666666	0.3333333333333333	0.0	0.6666666666666666	0.0	0.0
0	0.5	0.0	0.0	0.0	0.0	0.0	0.0	0.0	0.0	0.5	0.0	0.0	0.0	0.0	0.0	0.5	0.0	0.0	0.5	0.0	0.0	0.5	0.0	0.0	0.0	0.0	0.5	0.5	0.0	0.0	0.0	0.0	0.5	0.0	0.5	0.0	0.5	0.0	0.0
0	0.0	0.0	0.0	0.0	0.0	0.0	0.0	1.0	0.0	0.0	0.0	0.0	0.0	0.0	1.0	0.0	0.0	1.0	0.0	0.0	0.0	0.0	0.0	1.0	0.0	0.0	0.0	0.0	0.0	1.0	0.0	0.0	0.0	1.0	0.0	0.0	0.0	0.0	0.0
0	0.0	0.0	0.0	0.0	0.0	0.0	0.0	0.0	0.0	0.0	0.0	0.0	0.0	0.0	0.0	0.0	0.0	0.0	0.0	0.0	0.0	0.0	0.0	0.0	0.0	0.0	0.0	0.0	0.0	0.0	0.0	0.0	0.0	0.0	0.0	0.0	0.0	0.0	0.0
0	0.0	0.0	0.25	0.25	0.0	0.0	0.25	0.0	0.0	0.0	0.0	0.25	0.25	0.0	0.0	0.0	0.0	0.25	0.0	0.0	0.25	0.25	0.0	0.0	0.25	0.0	0.0	0.25	0.0	0.0	0.0	0.0	0.0	0.0	0.0	0.25	0.0	0.0	0.0
0	0.0	0.0	0.3333333333333333	0.0	0.3333333333333333	0.0	0.0	0.3333333333333333	0.0	0.0	0.0	0.3333333333333333	0.0	0.3333333333333333	0.0	0.0	0.0	0.3333333333333333	0.0	0.0	0.3333333333333333	0.0	0.3333333333333333	0.0	0.3333333333333333	0.0	0.0	0.0	0.3333333333333333	0.0	0.0	0.0	0.0	0.0	0.0	0.3333333333333333	0.0	0.0	0.0
0	0.25	0.0	0.0	0.0	0.0	0.0	0.0	0.0	0.0	0.0	0.0	0.0	0.0	0.0	0.0	0.25	0.0	0.0	0.5	0.0	0.0	0.25	0.0	0.0	0.0	0.0	0.25	0.25	0.0	0.0	0.0	0.0	0.5	0.0	0.5	0.25	0.0	0.0	0.25
0	0.25	0.1666666666666666	0.1666666666666666	0.0833333333333333	0.5	0.0833333333333333	0.1666666666666666	0.5833333333333334	0.0	0.0833333333333333	0.25	0.0833333333333333	0.1666666666666666	0.1666666666666666	0.1666666666666666	0.5	0.1666666666666666	0.0	0.25	0.1666666666666666	0.1666666666666666	0.25	0.1666666666666666	0.1666666666666666	0.0833333333333333	0.25	0.3333333333333333	0.25	0.0833333333333333	0.25	0.0	0.0	0.0	0.1666666666666666	0.0833333333333333	0.3333333333333333	0.1666666666666666	0.1666666666666666	0.25
0	0.3529411764705882	0.1176470588235294	0.3529411764705882	0.1764705882352941	0.0588235294117647	0.3529411764705882	0.2352941176470588	0.1176470588235294	0.2941176470588235	0.1764705882352941	0.5294117647058824	0.0588235294117647	0.5294117647058824	0.1764705882352941	0.0	0.0588235294117647	0.4117647058823529	0.0588235294117647	0.1764705882352941	0.2941176470588235	0.4117647058823529	0.1176470588235294	0.4705882352941176	0.1176470588235294	0.4117647058823529	0.1764705882352941	0.1764705882352941	0.0588235294117647	0.0588235294117647	0.5294117647058824	0.2941176470588235	0.0588235294117647	0.1764705882352941	0.1176470588235294	0.2941176470588235	0.2941176470588235	0.0588235294117647	0.3529411764705882	0.4117647058823529
0	0.0	1.0	0.0	0.0	0.0	1.0	0.0	0.0	1.0	0.0	1.0	0.0	0.0	1.0	0.0	0.0	1.0	0.0	0.0	1.0	0.0	0.0	0.0	0.0	0.0	1.0	0.0	0.0	0.0	0.0	1.0	0.0	0.0	1.0	0.0	0.0	1.0	0.0	0.0
0	0.3333333333333333	0.6666666666666666	0.0	0.0	0.6666666666666666	0.0	0.0	0.6666666666666666	0.0	0.3333333333333333	0.6666666666666666	0.0	0.6666666666666666	0.0	0.0	0.3333333333333333	0.6666666666666666	0.0	0.3333333333333333	0.3333333333333333	0.3333333333333333	0.3333333333333333	0.0	0.0	0.0	0.6666666666666666	0.3333333333333333	0.3333333333333333	0.0	0.0	0.0	0.0	0.0	0.0	0.6666666666666666	0.0	1.0	0.0	0.0
0	0.5	0.0	0.5	0.0	0.0	0.5	0.0	0.0	0.5	0.0	0.5	0.0	0.0	0.5	0.0	0.0	0.5	0.0	0.5	0.0	0.5	0.0	1.0	0.0	0.5	0.0	0.5	0.0	0.0	1.0	0.5	0.0	0.0	0.0	0.5	0.5	0.0	0.5	0.5
0	0.1666666666666666	0.0	0.5	0.1666666666666666	0.1666666666666666	0.1666666666666666	0.0	0.1666666666666666	0.1666666666666666	0.1666666666666666	0.5	0.0	0.0	0.5	0.1666666666666666	0.3333333333333333	0.5	0.0	0.1666666666666666	0.0	0.5	0.1666666666666666	0.5	0.0	0.5	0.0	0.1666666666666666	0.1666666666666666	0.1666666666666666	0.3333333333333333	0.1666666666666666	0.0	0.0	0.0	0.1666666666666666	0.5	0.1666666666666666	0.6666666666666666	0.0
0	0.3333333333333333	0.0	0.3333333333333333	0.0	0.0	0.3333333333333333	0.0	0.3333333333333333	0.0	0.3333333333333333	0.3333333333333333	0.0	0.0	0.3333333333333333	0.0	0.0	0.3333333333333333	0.0	0.3333333333333333	0.0	0.3333333333333333	0.0	0.6666666666666666	0.0	0.3333333333333333	0.0	0.3333333333333333	0.0	0.0	0.6666666666666666	0.3333333333333333	0.0	0.0	0.0	0.3333333333333333	0.3333333333333333	0.0	0.3333333333333333	0.3333333333333333
0	0.0	0.0	0.5	0.3333333333333333	0.3333333333333333	0.1666666666666666	0.0	0.5	0.0	0.1666666666666666	0.1666666666666666	0.3333333333333333	0.5	0.1666666666666666	0.0	0.0	0.0	0.5	0.0	0.0	0.6666666666666666	0.5	0.0	0.0	0.5	0.0	0.0	0.5	0.0	0.0	0.0	0.0	0.0	0.1666666666666666	0.3333333333333333	0.3333333333333333	0.0	0.3333333333333333	0.0
0	0.0	1.0	0.0	0.0	1.0	0.0	0.0	1.0	0.0	0.0	1.0	0.0	0.0	1.0	0.0	0.0	1.0	0.0	0.0	1.0	0.0	0.0	0.0	0.0	0.0	1.0	0.0	0.0	0.0	0.0	0.0	0.0	1.0	1.0	0.0	0.0	1.0	0.0	0.0
0	0.1666666666666666	0.1666666666666666	0.3333333333333333	0.1666666666666666	0.1666666666666666	0.3333333333333333	0.1666666666666666	0.3333333333333333	0.1666666666666666	0.1666666666666666	0.5	0.0	0.3333333333333333	0.3333333333333333	0.1666666666666666	0.1666666666666666	0.5	0.0	0.1666666666666666	0.1666666666666666	0.5	0.1666666666666666	0.3333333333333333	0.1666666666666666	0.3333333333333333	0.1666666666666666	0.1666666666666666	0.1666666666666666	0.0	0.5	0.0	0.0	0.3333333333333333	0.1666666666666666	0.3333333333333333	0.3333333333333333	0.1666666666666666	0.5	0.1666666666666666
0	0.0	0.0	0.0	0.0	0.0	0.0	0.0	0.0	0.0	0.0	0.0	0.0	0.0	0.0	0.0	0.0	0.0	0.0	0.0	0.0	0.0	0.0	0.0	0.0	0.0	0.0	0.0	0.0	0.0	0.0	0.0	0.0	0.0	0.0	0.0	0.0	0.0	0.0	0.0
0	0.1111111111111111	0.1111111111111111	0.4444444444444444	0.1111111111111111	0.1111111111111111	0.2222222222222222	0.1111111111111111	0.1111111111111111	0.2222222222222222	0.1111111111111111	0.4444444444444444	0.1111111111111111	0.2222222222222222	0.3333333333333333	0.1111111111111111	0.2222222222222222	0.5555555555555556	0.0	0.1111111111111111	0.1111111111111111	0.4444444444444444	0.2222222222222222	0.3333333333333333	0.1111111111111111	0.4444444444444444	0.1111111111111111	0.1111111111111111	0.1111111111111111	0.1111111111111111	0.3333333333333333	0.2222222222222222	0.0	0.0	0.1111111111111111	0.1111111111111111	0.4444444444444444	0.2222222222222222	0.5555555555555556	0.0
0	0.1818181818181818	0.0909090909090909	0.3636363636363636	0.1818181818181818	0.1818181818181818	0.2727272727272727	0.2727272727272727	0.2727272727272727	0.1818181818181818	0.1818181818181818	0.2727272727272727	0.1818181818181818	0.1818181818181818	0.2727272727272727	0.1818181818181818	0.1818181818181818	0.2727272727272727	0.1818181818181818	0.1818181818181818	0.0909090909090909	0.3636363636363636	0.1818181818181818	0.3636363636363636	0.1818181818181818	0.3636363636363636	0.0909090909090909	0.1818181818181818	0.1818181818181818	0.1818181818181818	0.3636363636363636	0.0909090909090909	0.0	0.1818181818181818	0.1818181818181818	0.2727272727272727	0.2727272727272727	0.1818181818181818	0.2727272727272727	0.0909090909090909
0	0.0	0.0	1.0	0.0	0.0	0.0	0.0	0.0	0.0	0.0	1.0	0.0	0.0	1.0	0.0	0.0	1.0	0.0	0.0	0.0	1.0	0.0	1.0	0.0	1.0	0.0	0.0	0.0	0.0	1.0	0.0	0.0	0.0	0.0	0.0	1.0	0.0	1.0	0.0
0	0.0	0.0	0.0	0.0	0.0	0.0	0.0	0.0	0.0	0.0	0.0	0.0	0.0	0.0	1.0	0.0	0.0	0.0	0.0	0.0	0.0	0.0	0.0	0.0	0.0	0.0	0.0	0.0	0.0	0.0	0.0	0.0	0.0	1.0	0.0	0.0	0.0	0.0	0.0
0	0.0	0.0	0.6	0.0	0.4	0.6	0.0	0.4	0.6	0.2	0.4	0.2	0.6	0.0	0.0	0.2	0.4	0.2	0.0	0.0	0.6	0.6	0.0	0.0	0.6	0.0	0.0	0.4	0.0	0.0	0.0	0.0	0.0	0.2	0.2	0.4	0.0	0.6	0.0
0	0.3333333333333333	0.0	0.3333333333333333	0.0	0.0	0.3333333333333333	0.0	0.3333333333333333	0.0	0.3333333333333333	0.3333333333333333	0.0	0.0	0.3333333333333333	0.0	0.0	0.3333333333333333	0.0	0.3333333333333333	0.0	0.3333333333333333	0.0	0.6666666666666666	0.0	0.3333333333333333	0.0	0.3333333333333333	0.0	0.0	0.6666666666666666	0.3333333333333333	0.0	0.0	0.0	0.3333333333333333	0.3333333333333333	0.0	0.3333333333333333	0.3333333333333333
0	0.2	0.0	0.2	0.0	0.0	0.2	0.0	0.2	0.0	0.2	0.2	0.0	0.0	0.2	0.0	0.0	0.2	0.0	0.2	0.0	0.2	0.0	0.4	0.0	0.2	0.0	0.2	0.0	0.0	0.4	0.2	0.0	0.0	0.0	0.2	0.2	0.0	0.2	0.2
0	0.125	0.125	0.375	0.125	0.125	0.25	0.0	0.25	0.125	0.125	0.375	0.125	0.125	0.375	0.0	0.25	0.25	0.0	0.125	0.125	0.375	0.125	0.375	0.25	0.375	0.125	0.125	0.125	0.125	0.5	0.25	0.0	0.0	0.25	0.0	0.25	0.125	0.375	0.125
0	0.0	0.0	0.0	0.0	1.0	0.0	0.0	1.0	0.0	0.0	0.0	1.0	1.0	0.0	0.0	1.0	0.0	0.0	0.0	0.0	1.0	0.0	1.0	0.0	1.0	0.0	0.0	0.0	1.0	0.0	0.0	0.0	0.0	0.0	0.0	1.0	0.0	1.0	0.0
0	0.0	0.0	0.0	0.0	0.0	0.0	0.0	0.0	0.0	0.0	1.0	0.0	1.0	0.0	0.0	0.0	0.0	0.0	0.0	0.0	1.0	0.0	1.0	0.0	1.0	0.0	0.0	0.0	0.0	1.0	0.0	0.0	0.0	0.0	0.0	1.0	0.0	0.0	0.0
0	0.1666666666666666	0.0	0.3333333333333333	0.1666666666666666	0.3333333333333333	0.0	0.0	0.3333333333333333	0.0	0.1666666666666666	0.1666666666666666	0.1666666666666666	0.0	0.3333333333333333	0.0	0.3333333333333333	0.1666666666666666	0.1666666666666666	0.1666666666666666	0.0	0.3333333333333333	0.0	0.5	0.0	0.3333333333333333	0.0	0.1666666666666666	0.1666666666666666	0.3333333333333333	0.1666666666666666	0.1666666666666666	0.0	0.0	0.0	0.1666666666666666	0.3333333333333333	0.1666666666666666	0.3333333333333333	0.0
0	0.0	0.0	0.0	0.0	0.5	0.0	0.0	0.5	0.0	0.0	0.0	0.5	0.5	0.0	0.0	0.5	0.0	0.0	0.0	0.0	0.5	0.0	0.5	0.0	0.5	0.0	0.0	0.0	0.5	0.0	0.0	0.0	0.0	0.0	0.0	0.5	0.0	0.5	0.0
0	0.0	0.0	1.0	0.0	1.0	0.0	0.0	1.0	0.0	0.0	0.0	1.0	0.0	1.0	0.0	0.0	0.0	1.0	0.0	0.0	1.0	0.0	1.0	0.0	1.0	0.0	0.0	0.0	1.0	0.0	0.0	0.0	0.0	0.0	0.0	1.0	0.0	0.0	0.0
0	0.0	0.0	0.0	0.0	0.0	0.0	0.0	0.0	0.0	0.0	1.0	0.0	1.0	0.0	0.0	0.0	0.0	0.0	0.0	0.0	1.0	0.0	1.0	0.0	1.0	0.0	0.0	0.0	0.0	1.0	0.0	0.0	0.0	0.0	0.0	1.0	0.0	0.0	0.0
0	0.0	0.0	0.0	0.0	0.0	0.0	0.0	0.0	0.0	0.0	0.0	0.0	0.0	0.0	0.0	0.0	0.0	0.0	0.0	0.0	0.0	0.0	0.0	0.0	0.0	0.0	0.0	0.0	0.0	0.0	0.0	0.0	0.0	0.0	0.0	0.0	0.0	0.0	0.0
0	0.0	0.0	0.0	0.0	0.5	0.0	0.0	0.5	0.0	0.0	0.0	0.5	0.5	0.0	0.0	0.5	0.0	0.0	0.0	0.0	0.5	0.0	0.5	0.0	0.5	0.0	0.0	0.0	0.5	0.0	0.0	0.0	0.0	0.0	0.0	0.5	0.0	0.5	0.0
0	0.2857142857142857	0.1428571428571428	0.2857142857142857	0.0	0.0	0.4285714285714285	0.0	0.4285714285714285	0.0	0.2857142857142857	0.2857142857142857	0.1428571428571428	0.0	0.4285714285714285	0.0	0.0	0.4285714285714285	0.0	0.2857142857142857	0.1428571428571428	0.2857142857142857	0.0	0.5714285714285714	0.0	0.2857142857142857	0.1428571428571428	0.2857142857142857	0.0	0.0	0.5714285714285714	0.4285714285714285	0.0	0.0	0.1428571428571428	0.2857142857142857	0.2857142857142857	0.1428571428571428	0.2857142857142857	0.2857142857142857
0	0.0	1.0	0.0	0.0	1.0	0.0	0.0	1.0	0.0	0.0	1.0	0.0	0.0	1.0	0.0	0.0	1.0	0.0	0.0	1.0	0.0	0.0	0.0	0.0	0.0	1.0	0.0	0.0	0.0	0.0	0.0	0.0	1.0	1.0	0.0	0.0	1.0	0.0	0.0
0	0.0	0.0	1.0	0.0	1.0	0.0	0.0	1.0	0.0	0.0	1.0	0.0	0.0	1.0	0.0	0.0	0.0	1.0	0.0	1.0	0.0	1.0	0.0	0.0	1.0	0.0	0.0	1.0	0.0	0.0	0.0	0.0	0.0	0.0	0.0	1.0	0.0	1.0	0.0
0	0.0	0.0	1.0	0.0	0.0	0.0	1.0	0.0	0.0	0.0	0.0	1.0	0.0	0.0	0.0	0.0	0.0	1.0	0.0	0.0	0.0	1.0	0.0	0.0	1.0	0.0	0.0	1.0	0.0	0.0	0.0	0.0	0.0	1.0	0.0	0.0	0.0	0.0	0.0
