#	hydrophobicity_PRAM900101.Tr1221	hydrophobicity_PRAM900101.Tr1331	hydrophobicity_PRAM900101.Tr2332	hydrophobicity_ARGP820101.Tr1221	hydrophobicity_ARGP820101.Tr1331	hydrophobicity_ARGP820101.Tr2332	hydrophobicity_ZIMJ680101.Tr1221	hydrophobicity_ZIMJ680101.Tr1331	hydrophobicity_ZIMJ680101.Tr2332	hydrophobicity_PONP930101.Tr1221	hydrophobicity_PONP930101.Tr1331	hydrophobicity_PONP930101.Tr2332	hydrophobicity_CASG920101.Tr1221	hydrophobicity_CASG920101.Tr1331	hydrophobicity_CASG920101.Tr2332	hydrophobicity_ENGD860101.Tr1221	hydrophobicity_ENGD860101.Tr1331	hydrophobicity_ENGD860101.Tr2332	hydrophobicity_FASG890101.Tr1221	hydrophobicity_FASG890101.Tr1331	hydrophobicity_FASG890101.Tr2332	normwaalsvolume.Tr1221	normwaalsvolume.Tr1331	normwaalsvolume.Tr2332	polarity.Tr1221	polarity.Tr1331	polarity.Tr2332	polarizability.Tr1221	polarizability.Tr1331	polarizability.Tr2332	charge.Tr1221	charge.Tr1331	charge.Tr2332	secondarystruct.Tr1221	secondarystruct.Tr1331	secondarystruct.Tr2332	solventaccess.Tr1221	solventaccess.Tr1331	solventaccess.Tr2332
Positive_0|1	0.0	0.0	0.0	0.5	0.0	0.0	1.0	0.0	0.0	0.5	0.0	0.0	0.0	0.0	0.0	0.0	0.0	0.0	0.0	0.0	0.0	0.0	0.0	0.5	0.0	0.0	0.0	0.0	0.0	0.5	0.0	0.5	0.0	0.0	0.0	0.0	0.0	0.0	0.0
Positive_1|1	0.0	0.0	1.0	0.0	0.0	0.0	1.0	0.0	0.0	0.0	0.0	1.0	0.0	0.0	0.0	0.0	0.0	1.0	0.0	0.0	0.0	1.0	0.0	0.0	1.0	0.0	0.0	1.0	0.0	0.0	0.0	0.0	0.0	1.0	0.0	0.0	0.0	0.0	0.0
Positive_2|1	0.42857142857142855	0.0	0.2857142857142857	0.14285714285714285	0.14285714285714285	0.14285714285714285	0.14285714285714285	0.2857142857142857	0.0	0.2857142857142857	0.14285714285714285	0.14285714285714285	0.14285714285714285	0.0	0.0	0.42857142857142855	0.0	0.2857142857142857	0.2857142857142857	0.14285714285714285	0.0	0.5714285714285714	0.14285714285714285	0.0	0.2857142857142857	0.0	0.42857142857142855	0.5714285714285714	0.14285714285714285	0.0	0.14285714285714285	0.0	0.2857142857142857	0.0	0.5714285714285714	0.0	0.2857142857142857	0.14285714285714285	0.14285714285714285
Positive_3|1	0.25	0.0	0.0	0.75	0.0	0.0	0.25	0.0	0.0	0.5	0.0	0.0	0.5	0.0	0.0	0.25	0.0	0.0	0.0	0.5	0.0	0.25	0.0	0.25	0.0	0.0	0.25	0.25	0.0	0.25	0.25	0.0	0.5	0.0	0.25	0.0	0.25	0.25	0.0
Positive_4|1	0.0	0.0	0.0	0.0	0.0	0.0	0.0	0.0	0.0	0.0	0.0	0.0	0.0	0.0	1.0	0.0	0.0	0.0	0.0	0.0	0.0	0.0	1.0	0.0	0.0	0.0	0.0	0.0	0.0	1.0	0.0	0.0	0.0	1.0	0.0	0.0	0.0	1.0	0.0
Positive_5|1	1.0	0.0	0.0	0.0	0.0	0.0	0.0	0.0	0.0	1.0	0.0	0.0	0.0	0.0	0.0	1.0	0.0	0.0	1.0	0.0	0.0	0.0	0.0	0.0	0.0	0.0	1.0	0.0	0.0	0.0	0.0	0.0	1.0	0.0	0.0	0.0	1.0	0.0	0.0
Positive_6|1	0.0	0.0	0.0	0.0	0.0	0.0	0.0	0.0	0.0	0.0	0.0	0.0	0.0	0.0	0.0	0.0	0.0	0.0	0.0	0.0	0.0	1.0	0.0	0.0	0.0	0.0	0.0	1.0	0.0	0.0	0.0	0.0	0.0	0.0	1.0	0.0	0.0	0.0	0.0
Positive_7|1	0.0	0.5	0.0	0.0	0.5	0.0	0.0	0.5	0.0	0.0	0.5	0.0	0.5	0.0	0.0	0.0	0.5	0.0	0.0	0.5	0.0	0.0	0.0	0.0	0.0	0.5	0.0	0.0	0.0	0.0	0.0	0.0	0.5	0.0	0.0	0.0	0.5	0.0	0.0
Positive_8|1	0.0	0.0	0.5	0.5	0.0	0.5	0.5	0.0	0.5	0.0	0.0	0.5	0.5	0.0	0.0	0.0	0.0	0.5	0.0	0.0	0.5	0.5	0.0	0.0	0.5	0.0	0.0	0.5	0.0	0.0	0.0	0.0	0.0	0.5	0.0	0.5	0.0	0.0	0.0
Positive_9|1	0.42857142857142855	0.0	0.2857142857142857	0.14285714285714285	0.14285714285714285	0.14285714285714285	0.2857142857142857	0.2857142857142857	0.0	0.42857142857142855	0.14285714285714285	0.14285714285714285	0.2857142857142857	0.0	0.0	0.42857142857142855	0.0	0.2857142857142857	0.2857142857142857	0.2857142857142857	0.0	0.42857142857142855	0.2857142857142857	0.0	0.2857142857142857	0.0	0.42857142857142855	0.42857142857142855	0.2857142857142857	0.0	0.2857142857142857	0.0	0.14285714285714285	0.0	0.42857142857142855	0.0	0.42857142857142855	0.14285714285714285	0.0
Positive_10|1	0.0	0.0	0.0	0.0	0.0	0.0	0.0	0.0	0.0	0.0	0.0	0.0	0.0	0.0	0.0	0.0	0.0	0.0	0.0	0.0	0.0	0.0	0.0	0.0	0.0	0.0	0.0	0.0	0.0	0.0	0.0	0.0	0.0	0.0	0.0	0.0	0.0	0.0	0.0
Positive_11|1	0.0	0.0	0.5	0.5	0.0	0.0	0.5	0.0	0.0	0.0	0.0	0.5	0.5	0.0	0.0	0.0	0.0	0.5	0.0	0.0	0.5	0.5	0.0	0.0	0.5	0.0	0.0	0.5	0.0	0.0	0.0	0.0	0.0	0.0	0.0	0.5	0.0	0.0	0.0
Positive_12|1	0.0	0.0	0.0	0.0	0.0	0.0	0.0	0.0	0.0	0.0	0.0	0.0	0.0	0.0	0.0	0.0	0.0	0.0	0.0	0.0	0.0	0.0	0.0	0.0	0.0	0.0	0.0	0.0	0.0	0.0	0.0	0.0	0.0	0.0	0.0	0.0	0.0	0.0	0.0
Positive_13|1	0.4	0.0	0.2	0.2	0.2	0.2	0.0	0.4	0.0	0.2	0.4	0.2	0.6	0.0	0.0	0.2	0.0	0.2	0.0	0.4	0.2	0.4	0.2	0.2	0.4	0.2	0.2	0.4	0.0	0.4	0.2	0.2	0.2	0.2	0.4	0.2	0.0	0.2	0.4
Positive_14|1	0.0	0.0	1.0	1.0	0.0	0.0	1.0	0.0	0.0	0.0	0.0	1.0	0.0	1.0	0.0	0.0	0.0	1.0	0.0	0.0	1.0	0.0	0.0	0.0	1.0	0.0	0.0	1.0	0.0	0.0	0.0	0.0	0.0	0.0	0.0	1.0	0.0	0.0	0.0
Positive_15|1	0.0	0.3333333333333333	0.3333333333333333	0.3333333333333333	0.0	0.16666666666666666	0.6666666666666666	0.16666666666666666	0.0	0.16666666666666666	0.16666666666666666	0.3333333333333333	0.5	0.16666666666666666	0.16666666666666666	0.3333333333333333	0.5	0.16666666666666666	0.0	0.6666666666666666	0.0	0.16666666666666666	0.3333333333333333	0.16666666666666666	0.16666666666666666	0.3333333333333333	0.3333333333333333	0.16666666666666666	0.3333333333333333	0.16666666666666666	0.3333333333333333	0.0	0.0	0.3333333333333333	0.16666666666666666	0.16666666666666666	0.3333333333333333	0.5	0.0
Positive_16|1	0.0	0.0	0.0	0.0	0.0	0.0	0.0	0.0	0.0	0.0	0.0	0.0	0.0	0.0	0.0	0.0	0.0	0.0	0.0	0.0	0.0	0.0	0.0	0.0	0.0	0.0	0.0	0.0	0.0	0.0	0.0	0.0	0.3333333333333333	0.0	0.0	0.0	0.0	0.0	0.0
Positive_17|1	0.0	0.0	0.14285714285714285	0.0	0.2857142857142857	0.14285714285714285	0.0	0.2857142857142857	0.14285714285714285	0.14285714285714285	0.14285714285714285	0.14285714285714285	0.14285714285714285	0.14285714285714285	0.14285714285714285	0.2857142857142857	0.14285714285714285	0.0	0.0	0.0	0.2857142857142857	0.0	0.2857142857142857	0.14285714285714285	0.2857142857142857	0.0	0.0	0.14285714285714285	0.14285714285714285	0.2857142857142857	0.0	0.0	0.0	0.0	0.0	0.5714285714285714	0.0	0.42857142857142855	0.0
Positive_18|1	0.0	0.0	0.0	0.0	0.0	0.0	0.0	0.0	0.0	0.0	0.0	0.0	0.0	0.0	0.0	0.0	0.0	0.0	1.0	0.0	0.0	0.0	0.0	0.0	0.0	0.0	0.0	0.0	0.0	0.0	0.0	0.0	1.0	0.0	1.0	0.0	0.0	0.0	0.0
Positive_19|1	0.25	0.25	0.25	0.25	0.25	0.0	0.25	0.25	0.0	0.0	0.5	0.0	0.5	0.0	0.0	0.0	0.5	0.0	0.25	0.25	0.25	0.5	0.0	0.0	0.25	0.25	0.25	0.0	0.0	0.0	0.0	0.0	0.5	0.25	0.5	0.0	0.25	0.25	0.25
Positive_20|1	0.3333333333333333	0.3333333333333333	0.16666666666666666	0.5	0.16666666666666666	0.0	0.3333333333333333	0.16666666666666666	0.0	0.16666666666666666	0.5	0.0	0.6666666666666666	0.0	0.0	0.3333333333333333	0.3333333333333333	0.16666666666666666	0.16666666666666666	0.5	0.16666666666666666	0.3333333333333333	0.16666666666666666	0.16666666666666666	0.16666666666666666	0.3333333333333333	0.3333333333333333	0.3333333333333333	0.16666666666666666	0.16666666666666666	0.0	0.0	0.3333333333333333	0.0	0.6666666666666666	0.0	0.16666666666666666	0.16666666666666666	0.5
Positive_21|1	0.0	0.75	0.0	0.0	0.75	0.0	0.0	0.75	0.0	0.0	0.75	0.0	0.25	0.5	0.0	0.0	0.75	0.0	0.25	0.5	0.25	0.0	0.0	0.0	0.0	0.75	0.0	0.0	0.0	0.0	0.0	0.0	0.75	0.25	0.25	0.25	0.75	0.0	0.0
Positive_22|1	0.0	0.0	0.0	0.0	0.0	0.0	0.0	0.0	0.0	0.0	0.0	0.0	0.0	0.0	0.0	0.0	0.0	0.0	0.0	0.0	0.0	0.0	0.0	0.0	0.0	0.0	0.0	0.0	0.0	0.0	0.0	0.0	0.0	0.0	0.0	0.0	0.0	0.0	0.0
Positive_23|1	1.0	0.0	0.0	0.0	0.0	0.0	0.0	0.0	0.0	0.0	0.0	0.0	0.0	0.0	0.0	1.0	0.0	0.0	0.0	0.0	0.0	1.0	0.0	0.0	0.0	0.0	1.0	1.0	0.0	0.0	0.0	0.0	1.0	0.0	1.0	0.0	0.0	0.0	1.0
Positive_24|1	1.0	0.0	0.0	0.0	0.0	0.0	0.0	0.0	0.0	1.0	0.0	0.0	0.0	0.0	0.0	1.0	0.0	0.0	1.0	0.0	0.0	0.0	0.0	0.0	0.0	0.0	1.0	0.0	0.0	0.0	0.0	0.0	1.0	0.0	0.0	0.0	1.0	0.0	0.0
Positive_25|1	0.0	1.0	0.0	1.0	0.0	0.0	1.0	0.0	0.0	0.0	1.0	0.0	1.0	0.0	0.0	0.0	1.0	0.0	0.0	1.0	0.0	1.0	0.0	0.0	0.0	1.0	0.0	1.0	0.0	0.0	0.0	0.0	1.0	0.0	0.0	1.0	1.0	0.0	0.0
Positive_26|1	0.16666666666666666	0.3333333333333333	0.3333333333333333	0.0	0.0	0.16666666666666666	0.5	0.0	0.16666666666666666	0.0	0.16666666666666666	0.5	0.5	0.16666666666666666	0.16666666666666666	0.16666666666666666	0.5	0.16666666666666666	0.0	0.5	0.16666666666666666	0.3333333333333333	0.5	0.0	0.3333333333333333	0.3333333333333333	0.16666666666666666	0.16666666666666666	0.16666666666666666	0.3333333333333333	0.5	0.0	0.0	0.5	0.0	0.16666666666666666	0.3333333333333333	0.3333333333333333	0.16666666666666666
Positive_27|1	0.2727272727272727	0.18181818181818182	0.09090909090909091	0.36363636363636365	0.0	0.18181818181818182	0.18181818181818182	0.0	0.18181818181818182	0.18181818181818182	0.2727272727272727	0.0	0.45454545454545453	0.0	0.0	0.2727272727272727	0.18181818181818182	0.09090909090909091	0.0	0.2727272727272727	0.18181818181818182	0.5454545454545454	0.0	0.09090909090909091	0.09090909090909091	0.18181818181818182	0.2727272727272727	0.5454545454545454	0.0	0.09090909090909091	0.09090909090909091	0.0	0.36363636363636365	0.18181818181818182	0.45454545454545453	0.09090909090909091	0.2727272727272727	0.18181818181818182	0.18181818181818182
Positive_28|1	0.0	0.0	0.0	0.0	0.0	0.0	0.0	0.0	0.0	0.0	0.0	0.0	0.0	0.0	0.0	0.0	0.0	0.0	0.0	0.0	0.0	0.0	0.0	0.0	0.0	0.0	0.0	0.0	0.0	0.0	0.0	0.0	0.0	0.0	0.0	0.0	0.0	0.0	0.0
Positive_29|1	1.0	0.0	0.0	0.0	1.0	0.0	0.0	1.0	0.0	0.0	0.0	0.0	0.0	0.0	0.0	0.0	0.0	0.0	1.0	0.0	0.0	0.5	0.0	0.0	0.0	0.0	1.0	0.5	0.0	0.0	0.0	0.0	0.5	0.0	0.5	0.0	0.0	0.0	1.0
Positive_30|1	0.0	0.25	0.0	0.0	0.25	0.0	0.0	0.25	0.0	0.0	0.25	0.0	0.25	0.0	0.0	0.0	0.25	0.0	0.0	0.25	0.0	0.0	0.0	0.0	0.0	0.25	0.0	0.0	0.0	0.0	0.0	0.0	0.75	0.0	0.0	0.0	0.25	0.0	0.0
Positive_31|1	0.25	0.0	0.5	0.25	0.0	0.0	0.25	0.0	0.0	0.25	0.0	0.5	0.25	0.0	0.5	0.5	0.5	0.0	0.0	0.0	0.25	0.25	0.75	0.0	0.0	0.5	0.5	0.25	0.25	0.5	0.0	0.0	0.0	0.75	0.0	0.25	0.0	0.5	0.25
Positive_32|1	0.5	0.0	0.25	0.25	0.0	0.0	0.25	0.0	0.0	0.25	0.0	0.25	0.25	0.0	0.0	0.5	0.0	0.25	0.5	0.0	0.25	0.75	0.0	0.0	0.25	0.0	0.5	0.75	0.0	0.0	0.0	0.0	0.5	0.25	0.25	0.25	0.25	0.0	0.25
Positive_33|1	0.4	0.2	0.2	0.4	0.0	0.0	0.4	0.0	0.0	0.2	0.2	0.2	0.4	0.0	0.0	0.4	0.2	0.2	0.4	0.0	0.4	0.6	0.0	0.0	0.2	0.2	0.4	0.6	0.0	0.0	0.0	0.0	0.4	0.2	0.2	0.4	0.4	0.0	0.2
Positive_34|1	0.0	0.6	0.0	0.0	0.6	0.0	0.0	0.6	0.0	0.0	0.6	0.0	0.2	0.4	0.0	0.0	0.6	0.0	0.4	0.2	0.4	0.0	0.0	0.0	0.0	0.6	0.0	0.0	0.0	0.0	0.0	0.0	0.6	0.0	0.4	0.4	0.6	0.0	0.0
Positive_35|1	0.0	0.0	1.0	0.0	1.0	0.0	0.0	1.0	0.0	0.0	1.0	0.0	0.0	1.0	0.0	0.0	0.0	1.0	0.0	1.0	0.0	0.0	1.0	0.0	1.0	0.0	0.0	0.0	1.0	0.0	0.0	0.0	0.0	0.0	0.0	1.0	0.0	1.0	0.0
Positive_36|1	0.0	0.0	0.0	0.0	0.0	1.0	0.0	0.0	1.0	0.0	0.0	0.0	0.0	0.0	0.0	0.0	0.0	0.0	0.0	0.0	0.0	0.0	0.0	0.0	0.0	0.0	0.0	0.0	0.0	0.0	0.0	0.0	0.0	1.0	0.0	0.0	0.0	0.0	0.0
Positive_37|1	0.0	0.0	0.0	0.0	0.0	0.0	0.0	0.0	0.0	0.0	0.0	0.0	0.0	0.0	0.0	0.0	0.0	0.0	0.0	0.0	0.0	0.5	0.0	0.0	0.0	0.0	0.0	0.5	0.0	0.0	0.0	0.0	0.0	0.0	0.5	0.0	0.0	0.0	0.0
Positive_38|1	1.0	0.0	0.0	1.0	0.0	0.0	0.0	0.0	0.0	1.0	0.0	0.0	1.0	0.0	0.0	1.0	0.0	0.0	0.0	1.0	0.0	1.0	0.0	0.0	0.0	0.0	1.0	1.0	0.0	0.0	0.0	0.0	1.0	0.0	0.0	0.0	1.0	0.0	0.0
Positive_39|1	0.0	0.6666666666666666	0.0	0.0	0.6666666666666666	0.0	0.0	0.6666666666666666	0.0	0.0	0.6666666666666666	0.0	0.3333333333333333	0.3333333333333333	0.0	0.0	0.6666666666666666	0.0	0.3333333333333333	0.3333333333333333	0.3333333333333333	0.0	0.0	0.0	0.0	0.6666666666666666	0.0	0.0	0.0	0.0	0.0	0.0	0.6666666666666666	0.0	0.3333333333333333	0.3333333333333333	0.6666666666666666	0.0	0.0
Positive_40|1	0.5	0.0	0.0	0.0	0.0	0.0	0.0	0.0	0.0	0.0	0.0	0.0	0.0	0.0	0.0	0.5	0.0	0.0	0.0	0.0	0.0	0.5	0.0	0.0	0.0	0.0	0.5	0.5	0.0	0.0	0.0	0.0	0.5	0.0	0.5	0.0	0.0	0.0	0.5
Positive_41|1	0.7142857142857143	0.14285714285714285	0.14285714285714285	0.7142857142857143	0.14285714285714285	0.14285714285714285	0.0	0.2857142857142857	0.0	0.7142857142857143	0.14285714285714285	0.14285714285714285	0.8571428571428571	0.0	0.0	0.7142857142857143	0.14285714285714285	0.14285714285714285	0.0	0.8571428571428571	0.0	0.8571428571428571	0.0	0.0	0.14285714285714285	0.14285714285714285	0.7142857142857143	0.8571428571428571	0.0	0.0	0.0	0.0	0.0	0.0	0.0	0.0	0.8571428571428571	0.0	0.0
Positive_42|1	0.3333333333333333	0.3333333333333333	0.16666666666666666	0.16666666666666666	0.5	0.0	0.16666666666666666	0.5	0.0	0.16666666666666666	0.5	0.0	0.6666666666666666	0.0	0.0	0.3333333333333333	0.5	0.0	0.16666666666666666	0.16666666666666666	0.5	0.5	0.16666666666666666	0.0	0.16666666666666666	0.3333333333333333	0.5	0.16666666666666666	0.16666666666666666	0.0	0.0	0.0	0.0	0.0	0.6666666666666666	0.0	0.5	0.3333333333333333	0.16666666666666666
Positive_43|1	0.8	0.0	0.0	0.6	0.2	0.2	0.2	0.4	0.0	0.4	0.2	0.2	0.4	0.0	0.0	0.4	0.0	0.0	0.4	0.4	0.0	0.0	0.4	0.4	0.0	0.4	0.4	0.0	0.4	0.4	0.6	0.2	0.2	0.4	0.4	0.0	0.4	0.0	0.4
Positive_44|1	0.375	0.0	0.25	0.0	0.375	0.125	0.0	0.5	0.0	0.375	0.125	0.125	0.25	0.0	0.0	0.25	0.125	0.125	0.375	0.0	0.25	0.25	0.125	0.0	0.25	0.0	0.375	0.375	0.0	0.125	0.125	0.0	0.25	0.0	0.375	0.25	0.125	0.25	0.25
Positive_45|1	0.5	0.0	0.0	0.0	0.0	0.0	0.0	0.0	0.0	0.0	0.0	0.0	0.0	0.0	0.0	0.5	0.0	0.0	0.0	0.0	0.0	1.0	0.0	0.0	0.0	0.0	0.5	1.0	0.0	0.0	0.0	0.0	0.5	0.0	1.0	0.0	0.0	0.0	0.5
Positive_46|1	0.8	0.0	0.0	0.2	0.4	0.2	0.2	0.4	0.2	0.0	0.0	0.0	0.0	0.0	0.0	0.2	0.0	0.0	0.4	0.0	0.0	0.4	0.4	0.0	0.0	0.0	0.8	0.4	0.2	0.2	0.2	0.2	0.2	0.0	0.4	0.2	0.0	0.0	0.8
Positive_47|1	0.5	0.0	0.0	0.0	0.0	0.0	0.0	0.0	0.0	1.0	0.0	0.0	0.0	0.0	0.0	0.5	0.0	0.0	1.0	0.0	0.0	0.5	0.0	0.0	0.0	0.0	0.5	0.5	0.0	0.0	0.0	0.0	0.5	0.0	0.5	0.0	0.5	0.5	0.0
Positive_48|1	1.0	0.0	0.0	0.0	1.0	0.0	0.0	1.0	0.0	0.0	0.0	0.0	0.0	0.0	0.0	0.0	0.0	0.0	1.0	0.0	0.0	1.0	0.0	0.0	0.0	0.0	1.0	0.0	0.0	0.0	0.0	0.0	1.0	0.0	1.0	0.0	0.0	0.0	1.0
Positive_49|1	0.2	0.2	0.2	0.8	0.0	0.0	0.8	0.0	0.0	0.0	0.4	0.0	0.2	0.2	0.0	0.2	0.2	0.2	0.2	0.2	0.2	0.4	0.2	0.2	0.2	0.2	0.2	0.2	0.2	0.2	0.4	0.0	0.0	0.0	0.4	0.4	0.2	0.2	0.2
Positive_50|1	0.0	0.0	0.42857142857142855	0.2857142857142857	0.2857142857142857	0.14285714285714285	0.0	0.42857142857142855	0.0	0.14285714285714285	0.14285714285714285	0.2857142857142857	0.5714285714285714	0.0	0.0	0.0	0.0	0.42857142857142855	0.14285714285714285	0.14285714285714285	0.42857142857142855	0.42857142857142855	0.0	0.0	0.42857142857142855	0.0	0.0	0.42857142857142855	0.0	0.0	0.0	0.0	0.0	0.0	0.5714285714285714	0.0	0.0	0.2857142857142857	0.0
Positive_51|1	0.3333333333333333	0.1111111111111111	0.3333333333333333	0.3333333333333333	0.0	0.2222222222222222	0.5555555555555556	0.2222222222222222	0.0	0.3333333333333333	0.1111111111111111	0.3333333333333333	0.4444444444444444	0.0	0.2222222222222222	0.3333333333333333	0.1111111111111111	0.3333333333333333	0.0	0.4444444444444444	0.0	0.3333333333333333	0.3333333333333333	0.0	0.3333333333333333	0.1111111111111111	0.3333333333333333	0.3333333333333333	0.3333333333333333	0.0	0.2222222222222222	0.1111111111111111	0.1111111111111111	0.4444444444444444	0.2222222222222222	0.0	0.3333333333333333	0.1111111111111111	0.1111111111111111
Positive_52|1	0.0	0.0	0.0	0.5	0.0	0.0	0.0	0.0	0.0	0.5	0.0	0.0	0.0	0.0	0.0	0.0	0.0	0.0	0.0	0.0	0.0	0.5	0.0	0.5	0.0	0.0	0.0	0.5	0.0	0.5	0.5	0.0	0.5	0.0	0.5	0.0	0.0	0.0	0.0
Positive_53|1	0.2	0.2	0.4	0.2	0.2	0.2	0.2	0.4	0.0	0.0	0.4	0.2	0.4	0.0	0.0	0.0	0.4	0.2	0.2	0.2	0.2	0.6	0.0	0.0	0.4	0.2	0.2	0.2	0.0	0.0	0.0	0.0	0.4	0.2	0.4	0.0	0.2	0.2	0.2
Positive_54|1	0.0	0.0	0.0	0.0	0.5	0.0	0.0	0.5	0.0	0.0	0.0	0.5	0.5	0.0	0.0	0.5	0.0	0.0	0.0	0.0	0.5	0.0	0.5	0.0	0.5	0.0	0.0	0.0	0.5	0.0	0.0	0.0	0.0	0.0	0.0	0.5	0.0	0.5	0.0
Positive_55|1	0.0	0.0	0.0	0.0	0.0	0.0	0.0	0.0	0.0	0.0	0.0	0.0	0.0	0.0	0.0	0.0	0.0	0.0	0.0	0.0	0.0	0.0	0.0	0.0	0.0	0.0	0.0	0.0	0.0	0.0	0.0	0.0	0.25	0.0	0.0	0.0	0.0	0.0	0.0
Positive_56|1	0.0	1.0	0.0	1.0	0.0	0.0	1.0	0.0	0.0	0.0	1.0	0.0	1.0	0.0	0.0	0.0	1.0	0.0	0.0	1.0	0.0	0.0	0.0	0.0	0.0	1.0	0.0	0.0	0.0	0.0	0.0	0.0	1.0	1.0	0.0	0.0	1.0	0.0	0.0
Positive_57|1	0.5	0.0	0.0	0.0	1.0	0.0	0.0	1.0	0.0	0.0	0.0	0.0	0.0	0.0	0.0	0.5	0.0	0.0	1.0	0.0	0.0	0.5	0.0	0.0	0.0	0.0	0.5	0.5	0.0	0.0	0.0	0.0	0.5	0.0	0.5	0.0	0.0	0.0	0.5
Positive_58|1	1.0	0.0	0.0	0.0	0.0	0.0	0.0	0.0	0.0	0.0	0.0	0.0	0.0	0.0	0.0	1.0	0.0	0.0	1.0	0.0	0.0	1.0	0.0	0.0	0.0	0.0	1.0	1.0	0.0	0.0	0.0	0.0	1.0	1.0	0.0	0.0	0.0	0.0	1.0
Positive_59|1	0.0	0.0	0.0	0.0	0.0	0.0	0.0	0.0	0.0	0.0	0.0	0.0	0.0	0.0	0.0	0.0	0.0	0.0	1.0	0.0	0.0	0.0	0.0	0.0	0.0	0.0	0.0	0.0	0.0	0.0	0.0	0.0	1.0	0.0	1.0	0.0	0.0	0.0	0.0
Positive_60|1	0.0	1.0	0.0	1.0	0.0	0.0	1.0	0.0	0.0	0.0	1.0	0.0	1.0	0.0	0.0	0.0	1.0	0.0	0.0	1.0	0.0	1.0	0.0	0.0	0.0	1.0	0.0	1.0	0.0	0.0	0.0	0.0	1.0	0.0	0.0	1.0	1.0	0.0	0.0
Positive_61|1	1.0	0.0	0.0	0.0	0.5	0.0	0.0	0.5	0.0	0.0	0.0	0.0	0.0	0.0	0.0	0.5	0.0	0.0	1.0	0.0	0.0	1.0	0.0	0.0	0.0	0.0	1.0	0.5	0.0	0.0	0.0	0.0	1.0	0.5	0.5	0.0	0.0	0.0	1.0
Positive_62|1	0.42857142857142855	0.0	0.2857142857142857	0.14285714285714285	0.14285714285714285	0.14285714285714285	0.14285714285714285	0.2857142857142857	0.0	0.2857142857142857	0.14285714285714285	0.14285714285714285	0.14285714285714285	0.0	0.0	0.42857142857142855	0.0	0.2857142857142857	0.2857142857142857	0.14285714285714285	0.0	0.5714285714285714	0.14285714285714285	0.0	0.2857142857142857	0.0	0.42857142857142855	0.5714285714285714	0.14285714285714285	0.0	0.14285714285714285	0.0	0.2857142857142857	0.0	0.5714285714285714	0.0	0.2857142857142857	0.14285714285714285	0.14285714285714285
Positive_63|1	0.0	0.5	0.0	0.5	0.0	0.0	0.5	0.0	0.0	0.0	0.5	0.0	0.5	0.0	0.0	0.0	0.5	0.0	0.0	0.5	0.0	1.0	0.0	0.0	0.0	0.5	0.0	1.0	0.0	0.0	0.0	0.0	0.5	0.0	0.5	0.5	0.5	0.0	0.0
Positive_64|1	1.0	0.0	0.0	1.0	0.0	0.0	0.0	0.0	0.0	1.0	0.0	0.0	1.0	0.0	0.0	1.0	0.0	0.0	0.0	1.0	0.0	0.0	0.0	0.0	0.0	0.0	1.0	0.0	0.0	0.0	0.0	0.0	1.0	0.0	1.0	0.0	1.0	0.0	0.0
Positive_65|1	0.2222222222222222	0.3333333333333333	0.1111111111111111	0.2222222222222222	0.4444444444444444	0.2222222222222222	0.1111111111111111	0.5555555555555556	0.1111111111111111	0.4444444444444444	0.2222222222222222	0.2222222222222222	0.5555555555555556	0.0	0.0	0.3333333333333333	0.4444444444444444	0.0	0.0	0.3333333333333333	0.2222222222222222	0.4444444444444444	0.1111111111111111	0.2222222222222222	0.1111111111111111	0.3333333333333333	0.2222222222222222	0.4444444444444444	0.1111111111111111	0.2222222222222222	0.2222222222222222	0.1111111111111111	0.1111111111111111	0.1111111111111111	0.3333333333333333	0.1111111111111111	0.4444444444444444	0.3333333333333333	0.1111111111111111
Positive_66|1	0.0	1.0	0.0	0.0	1.0	0.0	0.0	1.0	0.0	0.0	1.0	0.0	1.0	0.0	0.0	0.0	1.0	0.0	0.0	1.0	0.0	0.0	0.0	0.0	0.0	1.0	0.0	0.0	0.0	0.0	0.0	0.0	0.0	0.0	0.0	0.0	1.0	0.0	0.0
Positive_67|1	0.38461538461538464	0.0	0.15384615384615385	0.23076923076923078	0.0	0.15384615384615385	0.07692307692307693	0.07692307692307693	0.07692307692307693	0.15384615384615385	0.07692307692307693	0.07692307692307693	0.15384615384615385	0.0	0.15384615384615385	0.38461538461538464	0.0	0.15384615384615385	0.38461538461538464	0.0	0.15384615384615385	0.46153846153846156	0.07692307692307693	0.0	0.15384615384615385	0.0	0.38461538461538464	0.46153846153846156	0.07692307692307693	0.0	0.07692307692307693	0.0	0.46153846153846156	0.07692307692307693	0.6153846153846154	0.0	0.23076923076923078	0.07692307692307693	0.15384615384615385
Positive_68|1	1.0	0.0	0.0	0.0	0.0	0.0	0.0	0.0	0.0	1.0	0.0	0.0	0.0	0.0	0.0	1.0	0.0	0.0	1.0	0.0	0.0	1.0	0.0	0.0	0.0	0.0	1.0	1.0	0.0	0.0	0.0	0.0	1.0	0.0	1.0	0.0	1.0	0.0	0.0
Positive_69|1	1.0	0.0	0.0	1.0	0.0	0.0	0.0	0.0	0.0	1.0	0.0	0.0	1.0	0.0	0.0	1.0	0.0	0.0	0.0	1.0	0.0	1.0	0.0	0.0	0.0	0.0	1.0	1.0	0.0	0.0	0.0	0.0	1.0	0.0	0.0	0.0	1.0	0.0	0.0
Positive_70|1	0.5	0.0	0.0	0.0	0.5	0.0	0.0	0.5	0.0	0.0	0.0	0.0	0.0	0.0	0.0	0.0	0.0	0.0	0.0	0.0	0.0	0.5	0.0	0.0	0.0	0.0	0.5	0.0	0.0	0.0	0.0	0.0	0.0	0.0	0.0	0.0	0.0	0.0	0.5
Positive_71|1	0.3333333333333333	0.3333333333333333	0.0	0.3333333333333333	0.3333333333333333	0.0	0.3333333333333333	0.3333333333333333	0.0	0.3333333333333333	0.3333333333333333	0.3333333333333333	0.6666666666666666	0.0	0.0	0.6666666666666666	0.3333333333333333	0.0	0.0	0.6666666666666666	0.0	0.0	0.6666666666666666	0.3333333333333333	0.3333333333333333	0.3333333333333333	0.3333333333333333	0.0	0.6666666666666666	0.3333333333333333	0.6666666666666666	0.0	0.0	0.3333333333333333	0.3333333333333333	0.3333333333333333	0.3333333333333333	0.0	0.3333333333333333
Positive_72|1	0.0	1.0	0.0	0.0	1.0	0.0	0.0	1.0	0.0	0.0	1.0	0.0	1.0	0.0	0.0	0.0	1.0	0.0	0.0	1.0	0.0	1.0	0.0	0.0	0.0	1.0	0.0	1.0	0.0	0.0	0.0	0.0	1.0	0.0	1.0	0.0	1.0	0.0	0.0
Positive_73|1	0.42857142857142855	0.14285714285714285	0.14285714285714285	0.14285714285714285	0.42857142857142855	0.14285714285714285	0.0	0.5714285714285714	0.0	0.2857142857142857	0.2857142857142857	0.0	0.0	0.2857142857142857	0.0	0.0	0.2857142857142857	0.0	0.42857142857142855	0.14285714285714285	0.14285714285714285	0.2857142857142857	0.2857142857142857	0.2857142857142857	0.14285714285714285	0.14285714285714285	0.42857142857142855	0.0	0.0	0.5714285714285714	0.2857142857142857	0.0	0.2857142857142857	0.14285714285714285	0.42857142857142855	0.14285714285714285	0.14285714285714285	0.14285714285714285	0.42857142857142855
Positive_74|1	0.75	0.0	0.0	0.5	0.0	0.0	0.5	0.0	0.0	0.5	0.0	0.0	0.0	0.0	0.0	0.75	0.0	0.0	0.5	0.0	0.0	0.5	0.25	0.25	0.0	0.0	0.75	0.5	0.25	0.25	0.25	0.25	0.25	0.25	0.25	0.0	0.5	0.0	0.25
Positive_75|1	0.0	0.0	0.0	1.0	0.0	0.0	1.0	0.0	0.0	0.0	0.0	0.0	0.0	0.0	0.0	0.0	0.0	0.0	0.0	0.0	0.0	0.0	0.0	1.0	0.0	0.0	0.0	0.0	0.0	1.0	0.0	1.0	0.0	0.0	0.0	0.0	0.0	0.0	0.0
Positive_76|1	0.42857142857142855	0.0	0.0	0.42857142857142855	0.0	0.0	0.0	0.0	0.0	0.42857142857142855	0.0	0.0	0.0	0.0	0.0	0.42857142857142855	0.0	0.0	0.2857142857142857	0.0	0.0	0.14285714285714285	0.2857142857142857	0.14285714285714285	0.0	0.0	0.42857142857142855	0.14285714285714285	0.2857142857142857	0.14285714285714285	0.42857142857142855	0.0	0.2857142857142857	0.0	0.7142857142857143	0.0	0.0	0.0	0.42857142857142855
Positive_77|1	0.0	0.0	0.0	0.0	0.0	0.0	0.0	0.0	0.0	0.0	0.0	0.0	0.0	0.0	0.0	0.0	0.0	0.0	0.0	0.0	0.0	0.0	0.0	0.0	0.0	0.0	0.0	0.0	0.0	0.0	0.0	0.0	1.0	0.0	0.0	0.0	0.0	0.0	0.0
Positive_78|1	0.38461538461538464	0.0	0.15384615384615385	0.23076923076923078	0.0	0.15384615384615385	0.07692307692307693	0.07692307692307693	0.07692307692307693	0.15384615384615385	0.07692307692307693	0.07692307692307693	0.15384615384615385	0.0	0.15384615384615385	0.38461538461538464	0.0	0.15384615384615385	0.38461538461538464	0.0	0.15384615384615385	0.46153846153846156	0.07692307692307693	0.0	0.15384615384615385	0.0	0.38461538461538464	0.46153846153846156	0.07692307692307693	0.0	0.07692307692307693	0.0	0.46153846153846156	0.07692307692307693	0.6153846153846154	0.0	0.23076923076923078	0.07692307692307693	0.15384615384615385
Positive_79|1	0.0	0.0	0.0	0.0	0.0	0.0	0.0	0.0	0.0	0.0	0.0	0.0	0.0	0.0	0.0	0.0	0.0	0.0	0.0	0.0	0.0	0.0	0.0	0.0	0.0	0.0	0.0	0.0	0.0	0.0	0.0	0.0	0.0	0.0	0.0	0.0	0.0	0.0	0.0
Positive_80|1	0.6	0.0	0.0	0.2	0.1	0.1	0.0	0.2	0.0	0.7	0.0	0.0	0.2	0.0	0.0	0.6	0.0	0.0	0.5	0.1	0.1	0.3	0.1	0.0	0.0	0.0	0.6	0.5	0.1	0.0	0.1	0.0	0.5	0.0	0.4	0.0	0.3	0.3	0.3
Positive_81|1	0.3333333333333333	0.0	0.3333333333333333	0.6666666666666666	0.3333333333333333	0.0	0.0	0.3333333333333333	0.0	0.6666666666666666	0.3333333333333333	0.0	0.0	0.3333333333333333	0.0	0.3333333333333333	0.0	0.3333333333333333	0.6666666666666666	0.0	0.3333333333333333	0.0	0.6666666666666666	0.3333333333333333	0.3333333333333333	0.0	0.3333333333333333	0.0	0.6666666666666666	0.3333333333333333	0.6666666666666666	0.0	0.0	0.3333333333333333	0.3333333333333333	0.0	0.0	0.3333333333333333	0.3333333333333333
Positive_82|1	1.0	0.0	0.0	0.0	1.0	0.0	0.0	1.0	0.0	0.0	0.0	0.0	0.0	0.0	0.0	0.0	0.0	0.0	1.0	0.0	0.0	1.0	0.0	0.0	0.0	0.0	1.0	0.0	0.0	0.0	0.0	0.0	1.0	0.0	1.0	0.0	0.0	0.0	1.0
Positive_83|1	1.0	0.0	0.0	0.0	1.0	0.0	0.0	1.0	0.0	0.0	1.0	0.0	1.0	0.0	0.0	0.0	0.0	0.0	0.0	0.0	1.0	0.0	0.0	1.0	0.0	1.0	0.0	0.0	0.0	1.0	0.0	0.0	0.0	0.0	0.0	1.0	0.0	0.0	1.0
Positive_84|1	0.2857142857142857	0.0	0.2857142857142857	0.2857142857142857	0.14285714285714285	0.14285714285714285	0.14285714285714285	0.2857142857142857	0.0	0.42857142857142855	0.14285714285714285	0.14285714285714285	0.2857142857142857	0.0	0.0	0.2857142857142857	0.0	0.2857142857142857	0.2857142857142857	0.2857142857142857	0.0	0.42857142857142855	0.14285714285714285	0.0	0.2857142857142857	0.0	0.2857142857142857	0.42857142857142855	0.14285714285714285	0.0	0.14285714285714285	0.0	0.14285714285714285	0.0	0.5714285714285714	0.0	0.2857142857142857	0.2857142857142857	0.0
Positive_85|1	0.0	0.0	0.5	0.0	0.0	0.5	0.0	0.0	0.5	0.0	1.0	0.0	1.0	0.0	0.0	0.0	0.5	0.0	0.0	0.0	1.0	0.5	0.5	0.0	1.0	0.0	0.0	0.0	0.0	0.5	0.0	0.0	0.0	0.0	0.0	1.0	0.0	0.5	0.0
Positive_86|1	0.0	1.0	0.0	0.0	1.0	0.0	0.0	1.0	0.0	0.0	1.0	0.0	1.0	0.0	0.0	0.0	1.0	0.0	0.0	1.0	0.0	0.0	0.0	0.0	0.0	1.0	0.0	0.0	0.0	0.0	0.0	0.0	1.0	0.0	0.0	0.0	1.0	0.0	0.0
Positive_87|1	1.0	0.0	0.0	0.0	1.0	0.0	0.0	1.0	0.0	0.0	1.0	0.0	1.0	0.0	0.0	0.0	0.0	0.0	0.0	1.0	0.0	0.0	0.0	1.0	0.0	1.0	0.0	0.0	0.0	1.0	0.0	0.0	1.0	1.0	0.0	0.0	0.0	0.0	1.0
Positive_88|1	0.4	0.2	0.4	0.2	0.2	0.2	0.2	0.4	0.0	0.4	0.4	0.2	0.4	0.2	0.0	0.2	0.4	0.2	0.2	0.0	0.6	0.8	0.2	0.0	0.4	0.2	0.4	0.4	0.0	0.2	0.2	0.0	0.0	0.0	0.6	0.2	0.4	0.2	0.2
Positive_89|1	0.1	0.2	0.1	0.0	0.2	0.2	0.0	0.3	0.1	0.0	0.2	0.1	0.2	0.1	0.1	0.2	0.3	0.0	0.2	0.1	0.2	0.2	0.0	0.3	0.1	0.2	0.1	0.2	0.0	0.3	0.1	0.0	0.2	0.2	0.3	0.3	0.2	0.1	0.1
Positive_90|1	0.0	0.0	0.0	0.0	0.0	0.0	0.0	0.0	0.0	0.0	0.0	0.0	0.0	0.0	0.0	0.0	0.0	0.0	0.0	0.0	0.0	0.5	0.0	0.0	0.0	0.0	0.0	0.5	0.0	0.0	0.0	0.0	0.0	0.0	0.5	0.0	0.0	0.0	0.0
Positive_91|1	0.0	1.0	0.0	1.0	0.0	0.0	1.0	0.0	0.0	0.0	1.0	0.0	1.0	0.0	0.0	0.0	1.0	0.0	0.0	1.0	0.0	0.0	0.0	0.0	0.0	1.0	0.0	0.0	0.0	0.0	0.0	0.0	1.0	1.0	0.0	0.0	1.0	0.0	0.0
Positive_92|1	0.0	1.0	0.0	0.0	0.0	1.0	0.0	1.0	0.0	0.0	0.0	1.0	1.0	0.0	0.0	0.0	1.0	0.0	0.0	1.0	0.0	0.0	0.0	1.0	0.0	1.0	0.0	0.0	0.0	1.0	1.0	0.0	0.0	0.0	0.0	0.0	1.0	0.0	0.0
Positive_93|1	0.2857142857142857	0.0	0.2857142857142857	0.42857142857142855	0.14285714285714285	0.14285714285714285	0.2857142857142857	0.2857142857142857	0.0	0.2857142857142857	0.14285714285714285	0.14285714285714285	0.2857142857142857	0.0	0.0	0.2857142857142857	0.0	0.2857142857142857	0.14285714285714285	0.2857142857142857	0.0	0.42857142857142855	0.14285714285714285	0.14285714285714285	0.2857142857142857	0.0	0.2857142857142857	0.42857142857142855	0.14285714285714285	0.14285714285714285	0.14285714285714285	0.14285714285714285	0.14285714285714285	0.0	0.5714285714285714	0.0	0.2857142857142857	0.14285714285714285	0.0
Positive_94|1	0.5	0.0	0.0	0.5	0.0	0.0	0.0	0.0	0.0	0.5	0.0	0.0	0.5	0.0	0.0	0.5	0.0	0.0	0.0	0.5	0.0	0.5	0.0	0.0	0.0	0.0	0.5	0.5	0.0	0.0	0.0	0.0	0.5	0.0	1.0	0.0	0.5	0.0	0.0
Positive_95|1	1.0	0.0	0.0	1.0	0.0	0.0	1.0	0.0	0.0	1.0	0.0	0.0	0.0	0.0	0.0	1.0	0.0	0.0	1.0	0.0	0.0	0.0	1.0	0.0	0.0	0.0	1.0	0.0	1.0	0.0	1.0	0.0	0.0	0.0	1.0	0.0	1.0	0.0	0.0
Positive_96|1	0.0	0.0	0.0	0.0	0.0	0.0	0.0	0.0	0.0	0.0	0.0	0.0	0.0	0.0	0.0	0.0	0.0	0.0	0.0	0.0	0.0	0.5	0.0	0.0	0.0	0.0	0.0	0.5	0.0	0.0	0.0	0.0	0.0	0.0	0.5	0.0	0.0	0.0	0.0
Positive_97|1	1.0	0.0	0.0	1.0	0.0	0.0	0.0	0.0	0.0	1.0	0.0	0.0	1.0	0.0	0.0	1.0	0.0	0.0	0.0	1.0	0.0	0.0	0.0	0.0	0.0	0.0	1.0	0.0	0.0	0.0	0.0	0.0	1.0	0.0	1.0	0.0	1.0	0.0	0.0
Positive_98|1	0.0	0.5	0.0	0.0	0.5	0.0	0.0	0.5	0.0	0.0	0.5	0.0	0.0	0.5	0.0	0.0	0.5	0.0	0.0	0.5	0.0	0.5	0.5	0.0	0.0	0.5	0.0	0.5	0.5	0.0	0.0	0.0	0.5	0.0	0.5	0.5	0.5	0.0	0.0
Positive_99|1	1.0	0.0	0.0	0.0	0.0	0.0	0.0	0.0	0.0	0.0	0.0	0.0	0.0	0.0	0.0	1.0	0.0	0.0	1.0	0.0	0.0	1.0	0.0	0.0	0.0	0.0	1.0	1.0	0.0	0.0	0.0	0.0	1.0	1.0	0.0	0.0	0.0	0.0	1.0
Positive_100|1	0.0	0.3333333333333333	0.0	0.0	0.3333333333333333	0.0	0.0	0.3333333333333333	0.0	0.0	0.3333333333333333	0.0	0.3333333333333333	0.0	0.0	0.0	0.3333333333333333	0.0	0.0	0.3333333333333333	0.0	0.0	0.0	0.0	0.0	0.3333333333333333	0.0	0.0	0.0	0.0	0.0	0.0	0.6666666666666666	0.0	0.0	0.0	0.3333333333333333	0.0	0.0
Positive_101|1	1.0	0.0	0.0	0.0	0.0	0.0	0.0	0.0	0.0	0.0	0.0	0.0	0.0	0.0	0.0	1.0	0.0	0.0	0.0	0.0	0.0	1.0	0.0	0.0	0.0	0.0	1.0	1.0	0.0	0.0	0.0	0.0	1.0	0.0	1.0	0.0	0.0	0.0	1.0
Positive_102|1	1.0	0.0	0.0	0.0	0.0	0.0	0.0	0.0	0.0	1.0	0.0	0.0	0.0	0.0	0.0	1.0	0.0	0.0	1.0	0.0	0.0	1.0	0.0	0.0	0.0	0.0	1.0	1.0	0.0	0.0	0.0	0.0	1.0	0.0	1.0	0.0	1.0	0.0	0.0
Positive_103|1	0.0	0.0	0.0	0.0	0.0	0.5	0.0	0.5	0.0	0.5	0.0	0.0	0.5	0.0	0.0	0.5	0.0	0.0	0.0	0.0	0.5	0.0	0.0	0.0	0.0	0.0	0.0	0.5	0.0	0.0	0.0	0.0	0.0	0.0	0.5	0.0	0.0	0.5	0.0
Positive_104|1	0.0	0.0	0.0	0.0	0.0	0.0	0.0	0.0	0.0	0.0	0.0	0.0	0.0	0.0	0.0	0.0	0.0	0.0	0.0	0.0	0.0	1.0	0.0	0.0	0.0	0.0	0.0	1.0	0.0	0.0	0.0	0.0	0.0	0.0	1.0	0.0	0.0	0.0	0.0
Positive_105|1	0.5	0.0	0.0	0.25	0.0	0.0	0.25	0.0	0.0	0.5	0.0	0.0	0.0	0.0	0.0	0.5	0.0	0.0	0.5	0.0	0.0	0.25	0.25	0.0	0.0	0.0	0.5	0.25	0.25	0.0	0.25	0.0	0.25	0.0	0.5	0.0	0.5	0.0	0.0
Positive_106|1	1.0	0.0	0.0	1.0	0.0	0.0	0.0	0.0	0.0	1.0	0.0	0.0	1.0	0.0	0.0	1.0	0.0	0.0	0.0	1.0	0.0	0.0	0.0	0.0	0.0	0.0	1.0	0.0	0.0	0.0	0.0	0.0	1.0	0.0	1.0	0.0	1.0	0.0	0.0
Positive_107|1	0.0	0.5	0.0	1.0	0.0	0.0	0.5	0.0	0.0	0.5	0.5	0.0	0.5	0.0	0.0	0.0	0.5	0.0	0.0	0.5	0.0	0.5	0.5	0.0	0.0	0.5	0.0	0.5	0.5	0.0	0.0	0.5	0.5	0.0	0.5	0.5	0.5	0.0	0.0
Positive_108|1	0.0	0.0	0.0	0.0	0.0	0.0	0.0	0.0	0.0	0.0	0.0	0.0	0.0	0.0	0.0	0.0	0.0	0.0	0.0	0.0	0.0	0.0	0.0	0.0	0.0	0.0	0.0	0.0	0.0	0.0	0.0	0.0	0.0	0.0	0.0	0.0	0.0	0.0	0.0
Positive_109|1	1.0	0.0	0.0	0.0	0.0	0.0	0.0	0.0	0.0	1.0	0.0	0.0	0.0	0.0	0.0	1.0	0.0	0.0	1.0	0.0	0.0	1.0	0.0	0.0	0.0	0.0	1.0	1.0	0.0	0.0	0.0	0.0	1.0	0.0	1.0	0.0	1.0	0.0	0.0
Positive_110|1	0.0	0.0	0.0	0.0	0.0	0.0	0.0	0.0	0.0	0.0	0.0	0.0	0.0	0.0	0.0	0.0	0.0	0.0	0.0	0.0	0.0	1.0	0.0	0.0	0.0	0.0	0.0	1.0	0.0	0.0	0.0	0.0	0.0	0.0	1.0	0.0	0.0	0.0	0.0
Positive_111|1	0.0	0.4	0.2	0.0	0.2	0.2	0.2	0.4	0.0	0.0	0.2	0.4	0.4	0.2	0.2	0.0	0.4	0.2	0.0	0.4	0.2	0.2	0.4	0.2	0.2	0.4	0.0	0.2	0.0	0.6	0.4	0.0	0.0	0.6	0.0	0.0	0.4	0.4	0.0
Negative_0|0	0.3333333333333333	0.0	0.0	0.0	0.3333333333333333	0.0	0.0	0.3333333333333333	0.0	0.0	0.0	0.0	0.0	0.0	0.0	0.0	0.0	0.0	0.6666666666666666	0.0	0.0	0.3333333333333333	0.0	0.0	0.0	0.0	0.3333333333333333	0.0	0.0	0.0	0.0	0.0	0.3333333333333333	0.0	0.6666666666666666	0.0	0.0	0.0	0.3333333333333333
Negative_1|0	0.21052631578947367	0.05263157894736842	0.3684210526315789	0.10526315789473684	0.15789473684210525	0.3157894736842105	0.05263157894736842	0.21052631578947367	0.2631578947368421	0.21052631578947367	0.3157894736842105	0.10526315789473684	0.21052631578947367	0.21052631578947367	0.10526315789473684	0.3157894736842105	0.3157894736842105	0.10526315789473684	0.10526315789473684	0.15789473684210525	0.2631578947368421	0.3157894736842105	0.3684210526315789	0.15789473684210525	0.3157894736842105	0.10526315789473684	0.2631578947368421	0.42105263157894735	0.10526315789473684	0.42105263157894735	0.05263157894736842	0.05263157894736842	0.05263157894736842	0.3157894736842105	0.2631578947368421	0.21052631578947367	0.10526315789473684	0.42105263157894735	0.15789473684210525
Negative_2|0	1.0	0.0	0.0	0.5	0.0	0.5	0.0	0.5	0.0	0.5	0.0	0.0	0.0	0.0	0.0	0.5	0.0	0.0	1.0	0.0	0.0	0.0	1.0	0.0	0.0	0.0	1.0	0.0	0.5	0.5	1.0	0.0	0.0	0.0	1.0	0.0	0.5	0.0	0.5
Negative_3|0	0.0	0.0	0.5	0.0	0.5	0.0	0.0	0.5	0.0	0.0	0.0	0.5	0.0	0.5	0.0	0.0	0.0	0.5	0.0	0.0	0.5	0.0	0.5	0.0	0.5	0.0	0.0	0.0	0.5	0.0	0.0	0.0	0.0	0.0	0.0	0.5	0.0	0.0	0.0
Negative_4|0	0.14285714285714285	0.0	0.14285714285714285	0.14285714285714285	0.0	0.14285714285714285	0.0	0.14285714285714285	0.0	0.14285714285714285	0.0	0.14285714285714285	0.14285714285714285	0.0	0.0	0.14285714285714285	0.0	0.14285714285714285	0.14285714285714285	0.0	0.14285714285714285	0.2857142857142857	0.0	0.0	0.14285714285714285	0.0	0.14285714285714285	0.2857142857142857	0.0	0.0	0.0	0.0	0.14285714285714285	0.0	0.2857142857142857	0.0	0.14285714285714285	0.0	0.0
Negative_5|0	0.5	0.0	0.0	0.0	0.0	1.0	0.0	0.5	0.5	0.5	0.0	0.0	0.5	0.0	0.0	0.5	0.0	0.0	0.5	0.0	0.5	0.0	0.5	0.0	0.0	0.0	0.5	0.5	0.0	0.5	0.5	0.0	0.0	0.0	1.0	0.0	0.0	0.5	0.5
Negative_6|0	0.5	0.0	0.5	0.0	0.0	0.5	0.0	0.0	0.5	0.0	0.5	0.0	0.0	0.5	0.0	0.0	0.5	0.0	0.5	0.0	0.5	0.0	1.0	0.0	0.5	0.0	0.5	0.0	0.0	1.0	0.5	0.0	0.0	0.0	0.5	0.5	0.0	0.5	0.5
Negative_7|0	0.0	0.0	0.5	0.0	0.5	0.0	0.0	0.5	0.0	0.0	0.0	0.5	0.5	0.0	0.0	0.0	0.0	0.5	0.0	0.0	0.5	0.5	0.0	0.0	0.5	0.0	0.0	0.5	0.0	0.0	0.0	0.0	0.0	0.0	0.5	0.0	0.0	0.0	0.0
Negative_8|0	0.0	0.0	0.5	0.0	1.0	0.0	0.0	1.0	0.0	0.5	0.0	0.5	0.0	0.5	0.0	0.5	0.0	0.5	0.0	0.0	0.5	0.5	0.0	0.0	0.5	0.0	0.0	1.0	0.0	0.0	0.0	0.0	0.0	0.0	0.0	0.5	0.0	0.5	0.0
Negative_9|0	0.0	0.0	1.0	0.0	0.0	1.0	0.0	1.0	0.0	0.0	0.0	1.0	0.0	0.0	1.0	0.0	0.0	1.0	0.0	0.0	0.0	0.0	1.0	0.0	1.0	0.0	0.0	0.0	1.0	0.0	0.0	0.0	0.0	1.0	0.0	0.0	0.0	0.0	0.0
Negative_10|0	0.0	0.0	0.0	0.0	0.0	0.0	0.0	0.0	0.0	0.0	0.0	0.0	0.0	0.0	0.0	0.0	0.0	0.0	0.0	0.0	0.0	0.0	0.0	0.0	0.0	0.0	0.0	0.0	0.0	0.0	0.0	0.0	0.0	0.0	0.0	0.0	0.0	0.0	0.0
Negative_11|0	0.0	0.0	1.0	0.0	1.0	0.0	0.0	1.0	0.0	0.0	0.0	1.0	0.0	1.0	0.0	0.0	0.0	1.0	0.0	0.0	1.0	1.0	0.0	0.0	1.0	0.0	0.0	1.0	0.0	0.0	0.0	0.0	0.0	0.0	0.0	1.0	0.0	0.0	0.0
Negative_12|0	0.0	0.0	0.6666666666666666	0.0	0.6666666666666666	0.0	0.0	0.6666666666666666	0.0	0.0	0.0	0.6666666666666666	0.0	0.6666666666666666	0.0	0.0	0.0	0.6666666666666666	0.0	0.0	0.6666666666666666	0.0	0.6666666666666666	0.0	0.6666666666666666	0.0	0.0	0.0	0.6666666666666666	0.0	0.0	0.0	0.0	0.0	0.0	0.6666666666666666	0.0	0.0	0.0
Negative_13|0	0.25	0.0	0.25	0.0	0.5	0.25	0.0	0.75	0.0	0.5	0.0	0.25	0.0	0.25	0.0	0.25	0.0	0.25	0.25	0.0	0.25	0.0	0.5	0.0	0.25	0.0	0.25	0.25	0.25	0.25	0.25	0.0	0.0	0.0	0.25	0.25	0.0	0.25	0.25
Negative_14|0	0.0	0.0	1.0	0.0	1.0	0.0	0.0	1.0	0.0	0.0	0.0	1.0	0.0	1.0	0.0	0.0	0.0	1.0	0.0	0.0	1.0	0.0	1.0	0.0	1.0	0.0	0.0	0.0	1.0	0.0	0.0	0.0	0.0	0.0	0.0	1.0	0.0	0.0	0.0
Negative_15|0	0.375	0.125	0.375	0.125	0.125	0.375	0.125	0.125	0.375	0.0	0.5	0.0	0.5	0.0	0.0	0.25	0.5	0.0	0.125	0.125	0.375	0.625	0.125	0.125	0.375	0.125	0.375	0.125	0.125	0.125	0.25	0.0	0.0	0.25	0.5	0.25	0.125	0.375	0.375
Negative_16|0	0.5714285714285714	0.2857142857142857	0.0	0.14285714285714285	0.5714285714285714	0.14285714285714285	0.14285714285714285	0.5714285714285714	0.14285714285714285	0.42857142857142855	0.2857142857142857	0.0	0.2857142857142857	0.2857142857142857	0.0	0.14285714285714285	0.2857142857142857	0.0	0.14285714285714285	0.42857142857142855	0.14285714285714285	0.42857142857142855	0.14285714285714285	0.14285714285714285	0.0	0.2857142857142857	0.5714285714285714	0.42857142857142855	0.0	0.2857142857142857	0.0	0.0	0.5714285714285714	0.14285714285714285	0.14285714285714285	0.14285714285714285	0.42857142857142855	0.0	0.42857142857142855
Negative_17|0	0.0	0.0	0.5555555555555556	0.0	0.3333333333333333	0.1111111111111111	0.0	0.3333333333333333	0.1111111111111111	0.1111111111111111	0.3333333333333333	0.2222222222222222	0.1111111111111111	0.4444444444444444	0.0	0.1111111111111111	0.3333333333333333	0.2222222222222222	0.0	0.0	0.5555555555555556	0.2222222222222222	0.3333333333333333	0.1111111111111111	0.5555555555555556	0.0	0.0	0.3333333333333333	0.0	0.4444444444444444	0.0	0.0	0.0	0.0	0.0	0.5555555555555556	0.0	0.4444444444444444	0.0
Negative_18|0	0.0	0.0	1.0	0.0	1.0	0.0	0.0	1.0	0.0	0.0	0.0	1.0	0.0	1.0	0.0	0.0	0.0	1.0	0.0	0.0	1.0	0.0	1.0	0.0	1.0	0.0	0.0	0.0	1.0	0.0	0.0	0.0	0.0	0.0	0.0	1.0	0.0	0.0	0.0
Negative_19|0	0.0	0.0	0.0	0.0	0.0	1.0	0.0	0.0	1.0	0.0	0.0	0.0	0.0	0.0	1.0	0.0	0.0	0.0	0.0	0.0	0.0	0.0	0.0	0.0	0.0	0.0	0.0	0.0	0.0	0.0	0.0	0.0	0.0	0.0	0.0	0.0	0.0	0.0	0.0
Negative_20|0	1.0	0.0	0.0	1.0	0.0	0.0	0.0	0.0	0.0	0.0	0.0	0.0	0.0	0.0	0.0	1.0	0.0	0.0	1.0	0.0	0.0	0.0	1.0	0.0	0.0	0.0	1.0	0.0	1.0	0.0	1.0	0.0	0.0	0.0	1.0	0.0	1.0	0.0	0.0
Negative_21|0	0.0	0.0	0.0	0.0	0.0	0.0	0.0	0.0	0.0	0.0	0.0	0.0	0.0	0.0	0.5	0.0	0.0	0.0	0.0	0.0	0.0	0.0	0.0	0.5	0.0	0.0	0.0	0.0	0.0	0.5	0.0	0.0	0.0	0.5	0.0	0.0	0.0	0.0	0.0
Negative_22|0	0.0	0.0	0.3333333333333333	0.0	0.3333333333333333	0.0	0.0	0.3333333333333333	0.0	0.3333333333333333	0.3333333333333333	0.0	0.0	0.3333333333333333	0.0	0.3333333333333333	0.3333333333333333	0.0	0.0	0.0	0.3333333333333333	0.0	0.3333333333333333	0.0	0.3333333333333333	0.0	0.0	0.3333333333333333	0.0	0.3333333333333333	0.0	0.0	0.0	0.0	0.0	0.3333333333333333	0.0	0.6666666666666666	0.0
Negative_23|0	0.2	0.2	0.2	0.0	0.4	0.0	0.0	0.4	0.0	0.0	0.4	0.0	0.4	0.0	0.4	0.0	0.4	0.0	0.2	0.2	0.2	0.2	0.2	0.2	0.2	0.2	0.2	0.0	0.0	0.4	0.0	0.0	0.4	0.2	0.2	0.2	0.2	0.2	0.2
Negative_24|0	0.2857142857142857	0.2857142857142857	0.2857142857142857	0.14285714285714285	0.14285714285714285	0.42857142857142855	0.14285714285714285	0.2857142857142857	0.2857142857142857	0.14285714285714285	0.2857142857142857	0.2857142857142857	0.42857142857142855	0.14285714285714285	0.14285714285714285	0.14285714285714285	0.42857142857142855	0.14285714285714285	0.14285714285714285	0.42857142857142855	0.14285714285714285	0.14285714285714285	0.14285714285714285	0.42857142857142855	0.14285714285714285	0.42857142857142855	0.14285714285714285	0.14285714285714285	0.14285714285714285	0.42857142857142855	0.2857142857142857	0.0	0.2857142857142857	0.14285714285714285	0.14285714285714285	0.14285714285714285	0.42857142857142855	0.14285714285714285	0.14285714285714285
Negative_25|0	0.0	0.0	0.0	0.0	1.0	0.0	0.0	1.0	0.0	1.0	0.0	0.0	0.0	0.0	0.0	1.0	0.0	0.0	0.0	0.0	0.0	0.0	0.0	0.0	0.0	0.0	0.0	1.0	0.0	0.0	0.0	0.0	0.0	0.0	0.0	0.0	0.0	1.0	0.0
Negative_26|0	0.0	0.0	1.0	0.0	0.0	1.0	0.0	1.0	0.0	0.0	0.0	1.0	0.0	0.0	0.0	0.0	0.0	1.0	0.0	0.0	0.0	1.0	0.0	0.0	1.0	0.0	0.0	1.0	0.0	0.0	0.0	0.0	0.0	0.0	0.0	0.0	0.0	0.0	0.0
Negative_27|0	0.0	0.0	0.0	0.0	0.0	0.0	0.0	0.0	0.0	0.0	0.0	0.0	0.0	0.0	0.0	0.0	0.0	0.0	0.0	0.0	0.0	0.0	0.0	0.0	0.0	0.0	0.0	0.0	0.0	0.0	0.0	0.0	0.0	0.0	0.0	0.0	0.0	0.0	0.0
Negative_28|0	0.0	0.0	0.25	0.0	0.25	0.0	0.0	0.25	0.0	0.0	0.0	0.25	0.25	0.0	0.0	0.0	0.0	0.25	0.0	0.0	0.25	0.25	0.0	0.0	0.25	0.0	0.0	0.25	0.0	0.0	0.0	0.0	0.0	0.0	0.25	0.0	0.0	0.0	0.0
Negative_29|0	0.0	0.0	0.0	0.0	0.5	0.0	0.0	0.5	0.0	0.5	0.0	0.0	0.0	0.0	0.0	0.5	0.0	0.0	0.0	0.0	0.0	0.0	0.0	0.0	0.0	0.0	0.0	0.5	0.0	0.0	0.0	0.0	0.0	0.0	0.0	0.0	0.0	0.5	0.0
Negative_30|0	0.0	0.0	1.0	0.0	0.0	0.0	0.0	0.0	0.0	0.0	0.0	0.0	0.0	0.0	0.0	0.0	1.0	0.0	0.0	0.0	0.0	0.0	0.0	1.0	0.0	0.0	0.0	0.0	0.0	1.0	0.0	0.0	0.0	1.0	0.0	0.0	0.0	1.0	0.0
Negative_31|0	0.3333333333333333	0.25	0.25	0.25	0.5	0.08333333333333333	0.3333333333333333	0.5833333333333334	0.0	0.16666666666666666	0.3333333333333333	0.16666666666666666	0.3333333333333333	0.16666666666666666	0.16666666666666666	0.25	0.25	0.08333333333333333	0.0	0.08333333333333333	0.4166666666666667	0.25	0.16666666666666666	0.16666666666666666	0.16666666666666666	0.3333333333333333	0.25	0.08333333333333333	0.08333333333333333	0.25	0.0	0.0	0.0	0.16666666666666666	0.08333333333333333	0.3333333333333333	0.25	0.25	0.3333333333333333
Negative_32|0	0.16666666666666666	0.0	0.16666666666666666	0.16666666666666666	0.16666666666666666	0.0	0.0	0.16666666666666666	0.0	0.16666666666666666	0.16666666666666666	0.0	0.0	0.16666666666666666	0.0	0.3333333333333333	0.16666666666666666	0.0	0.16666666666666666	0.0	0.16666666666666666	0.0	0.3333333333333333	0.0	0.16666666666666666	0.0	0.16666666666666666	0.16666666666666666	0.16666666666666666	0.16666666666666666	0.16666666666666666	0.0	0.0	0.0	0.16666666666666666	0.16666666666666666	0.16666666666666666	0.3333333333333333	0.0
Negative_33|0	0.25	0.0	0.25	0.25	0.25	0.0	0.0	0.25	0.0	0.25	0.25	0.0	0.0	0.25	0.0	0.5	0.25	0.0	0.25	0.0	0.25	0.0	0.5	0.0	0.25	0.0	0.25	0.25	0.25	0.25	0.25	0.0	0.0	0.0	0.25	0.25	0.25	0.5	0.0
Negative_34|0	0.16666666666666666	0.0	0.16666666666666666	0.16666666666666666	0.16666666666666666	0.16666666666666666	0.0	0.16666666666666666	0.16666666666666666	0.16666666666666666	0.16666666666666666	0.0	0.0	0.16666666666666666	0.16666666666666666	0.3333333333333333	0.16666666666666666	0.0	0.16666666666666666	0.0	0.16666666666666666	0.0	0.3333333333333333	0.16666666666666666	0.16666666666666666	0.0	0.16666666666666666	0.16666666666666666	0.16666666666666666	0.3333333333333333	0.16666666666666666	0.0	0.0	0.0	0.16666666666666666	0.16666666666666666	0.16666666666666666	0.3333333333333333	0.0
Negative_35|0	1.0	0.0	0.0	0.0	0.0	1.0	0.0	0.0	1.0	0.0	0.0	0.0	0.0	0.0	0.0	0.0	0.0	0.0	1.0	0.0	0.0	0.0	1.0	0.0	0.0	0.0	1.0	0.0	0.0	1.0	1.0	0.0	0.0	0.0	1.0	0.0	0.0	0.0	1.0
Negative_36|0	0.0	0.0	0.0	0.0	0.5	0.0	0.0	0.5	0.0	0.0	0.0	0.5	0.5	0.0	0.0	0.5	0.0	0.0	0.0	0.0	0.5	0.0	0.5	0.0	0.5	0.0	0.0	0.0	0.5	0.0	0.0	0.0	0.0	0.0	0.0	0.5	0.0	0.5	0.0
Negative_37|0	0.125	0.125	0.25	0.0	0.25	0.125	0.0	0.25	0.125	0.0	0.375	0.0	0.25	0.125	0.125	0.0	0.375	0.0	0.125	0.125	0.25	0.25	0.125	0.125	0.25	0.125	0.125	0.0	0.0	0.25	0.0	0.0	0.0	0.125	0.125	0.25	0.125	0.25	0.125
Negative_38|0	0.0	0.0	0.0	0.0	0.0	1.0	0.0	0.0	1.0	0.0	0.0	0.0	0.0	0.0	0.0	0.0	0.0	0.0	0.0	0.0	0.0	0.0	0.0	0.0	0.0	0.0	0.0	0.0	0.0	0.0	0.0	0.0	0.0	1.0	0.0	0.0	0.0	0.0	0.0
Negative_39|0	0.2222222222222222	0.0	0.4444444444444444	0.1111111111111111	0.2222222222222222	0.1111111111111111	0.1111111111111111	0.2222222222222222	0.1111111111111111	0.3333333333333333	0.4444444444444444	0.1111111111111111	0.2222222222222222	0.3333333333333333	0.1111111111111111	0.3333333333333333	0.4444444444444444	0.0	0.1111111111111111	0.0	0.5555555555555556	0.2222222222222222	0.3333333333333333	0.2222222222222222	0.4444444444444444	0.1111111111111111	0.1111111111111111	0.3333333333333333	0.0	0.5555555555555556	0.0	0.0	0.0	0.1111111111111111	0.1111111111111111	0.4444444444444444	0.0	0.6666666666666666	0.2222222222222222
Negative_40|0	0.4	0.0	0.2	0.2	0.0	0.2	0.0	0.2	0.0	0.2	0.2	0.0	0.0	0.2	0.0	0.2	0.2	0.0	0.4	0.0	0.2	0.0	0.6	0.0	0.2	0.0	0.4	0.0	0.2	0.4	0.4	0.0	0.0	0.0	0.4	0.2	0.2	0.2	0.2
Negative_41|0	0.21428571428571427	0.07142857142857142	0.42857142857142855	0.07142857142857142	0.35714285714285715	0.21428571428571427	0.07142857142857142	0.35714285714285715	0.21428571428571427	0.14285714285714285	0.42857142857142855	0.14285714285714285	0.35714285714285715	0.21428571428571427	0.0	0.21428571428571427	0.42857142857142855	0.07142857142857142	0.14285714285714285	0.14285714285714285	0.42857142857142855	0.35714285714285715	0.21428571428571427	0.14285714285714285	0.42857142857142855	0.14285714285714285	0.14285714285714285	0.21428571428571427	0.07142857142857142	0.2857142857142857	0.14285714285714285	0.0	0.14285714285714285	0.21428571428571427	0.21428571428571427	0.35714285714285715	0.14285714285714285	0.5	0.14285714285714285
Negative_42|0	0.0	0.0	0.6666666666666666	0.0	0.3333333333333333	0.0	0.0	0.3333333333333333	0.0	0.3333333333333333	0.6666666666666666	0.0	0.0	0.6666666666666666	0.0	0.3333333333333333	0.6666666666666666	0.0	0.0	0.0	0.6666666666666666	0.3333333333333333	0.3333333333333333	0.0	0.6666666666666666	0.0	0.0	0.3333333333333333	0.0	0.3333333333333333	0.0	0.0	0.0	0.0	0.0	0.6666666666666666	0.0	1.0	0.0
Negative_43|0	0.0	0.0	0.5	0.0	0.0	0.0	0.0	0.0	0.0	0.0	0.5	0.0	0.0	0.5	0.0	0.0	0.5	0.0	0.0	0.0	0.5	0.0	0.5	0.0	0.5	0.0	0.0	0.0	0.0	0.5	0.0	0.0	0.0	0.0	0.0	0.5	0.0	0.5	0.0
Negative_44|0	0.3076923076923077	0.038461538461538464	0.4230769230769231	0.038461538461538464	0.3076923076923077	0.07692307692307693	0.0	0.3076923076923077	0.07692307692307693	0.11538461538461539	0.46153846153846156	0.0	0.2692307692307692	0.23076923076923078	0.0	0.3076923076923077	0.34615384615384615	0.11538461538461539	0.23076923076923078	0.11538461538461539	0.38461538461538464	0.6153846153846154	0.11538461538461539	0.038461538461538464	0.4230769230769231	0.038461538461538464	0.3076923076923077	0.4230769230769231	0.0	0.15384615384615385	0.0	0.0	0.0	0.19230769230769232	0.2692307692307692	0.2692307692307692	0.07692307692307693	0.5	0.2692307692307692
Negative_45|0	0.14285714285714285	0.0	0.14285714285714285	0.0	0.0	0.14285714285714285	0.0	0.14285714285714285	0.0	0.14285714285714285	0.14285714285714285	0.0	0.0	0.14285714285714285	0.0	0.0	0.14285714285714285	0.0	0.14285714285714285	0.0	0.14285714285714285	0.0	0.2857142857142857	0.0	0.14285714285714285	0.0	0.14285714285714285	0.0	0.0	0.2857142857142857	0.14285714285714285	0.0	0.0	0.0	0.14285714285714285	0.14285714285714285	0.0	0.14285714285714285	0.14285714285714285
Negative_46|0	0.14285714285714285	0.0	0.14285714285714285	0.14285714285714285	0.42857142857142855	0.14285714285714285	0.0	0.42857142857142855	0.14285714285714285	0.42857142857142855	0.14285714285714285	0.0	0.0	0.14285714285714285	0.14285714285714285	0.5714285714285714	0.14285714285714285	0.0	0.14285714285714285	0.0	0.14285714285714285	0.14285714285714285	0.14285714285714285	0.0	0.14285714285714285	0.0	0.14285714285714285	0.42857142857142855	0.14285714285714285	0.0	0.14285714285714285	0.0	0.0	0.0	0.14285714285714285	0.14285714285714285	0.14285714285714285	0.5714285714285714	0.0
Negative_47|0	0.2	0.0	0.2	0.2	0.2	0.0	0.0	0.2	0.0	0.2	0.2	0.0	0.0	0.2	0.0	0.4	0.2	0.0	0.2	0.0	0.2	0.0	0.4	0.2	0.2	0.0	0.2	0.2	0.2	0.4	0.2	0.0	0.0	0.0	0.2	0.2	0.2	0.4	0.0
Negative_48|0	0.5	0.0	0.5	0.0	0.0	0.5	0.0	0.5	0.0	0.5	0.5	0.0	0.0	0.5	0.0	0.0	0.5	0.0	0.5	0.0	0.5	0.0	1.0	0.0	0.5	0.0	0.5	0.0	0.0	1.0	0.5	0.0	0.0	0.0	0.5	0.5	0.0	0.5	0.5
Negative_49|0	0.0	0.0	0.0	0.0	1.0	0.0	0.0	1.0	0.0	0.0	0.0	1.0	1.0	0.0	0.0	1.0	0.0	0.0	0.0	0.0	1.0	0.0	1.0	0.0	1.0	0.0	0.0	0.0	1.0	0.0	0.0	0.0	0.0	0.0	0.0	1.0	0.0	1.0	0.0
Negative_50|0	0.6666666666666666	0.16666666666666666	0.16666666666666666	0.16666666666666666	0.5	0.16666666666666666	0.3333333333333333	0.6666666666666666	0.0	0.16666666666666666	0.16666666666666666	0.16666666666666666	0.5	0.0	0.0	0.0	0.16666666666666666	0.16666666666666666	0.3333333333333333	0.5	0.0	0.3333333333333333	0.16666666666666666	0.0	0.16666666666666666	0.16666666666666666	0.3333333333333333	0.3333333333333333	0.16666666666666666	0.0	0.16666666666666666	0.0	0.6666666666666666	0.0	0.3333333333333333	0.0	0.16666666666666666	0.0	0.6666666666666666
Negative_51|0	0.0	0.2	0.4	0.0	0.2	0.2	0.0	0.2	0.2	0.0	0.6	0.0	0.4	0.2	0.2	0.0	0.6	0.0	0.0	0.2	0.4	0.2	0.2	0.2	0.4	0.2	0.0	0.0	0.0	0.4	0.0	0.0	0.2	0.2	0.0	0.4	0.2	0.4	0.0
Negative_52|0	0.2	0.0	0.2	0.0	0.4	0.2	0.0	0.6	0.0	0.4	0.0	0.2	0.0	0.2	0.0	0.2	0.0	0.2	0.2	0.0	0.2	0.0	0.4	0.0	0.2	0.0	0.2	0.2	0.2	0.2	0.2	0.0	0.0	0.0	0.2	0.2	0.0	0.2	0.2
Negative_53|0	0.0	0.0	0.0	0.0	1.0	0.0	0.0	1.0	0.0	1.0	0.0	0.0	0.0	0.0	0.0	1.0	0.0	0.0	0.0	0.0	0.0	0.0	0.0	0.0	0.0	0.0	0.0	1.0	0.0	0.0	0.0	0.0	0.0	0.0	0.0	0.0	0.0	1.0	0.0
Negative_54|0	0.0	0.0	0.5	0.0	0.5	0.0	0.0	0.5	0.0	0.0	0.0	0.5	0.0	0.5	0.0	0.0	0.0	0.5	0.0	0.0	0.5	0.0	0.5	0.0	0.5	0.0	0.0	0.0	0.5	0.0	0.0	0.0	0.0	0.0	0.0	0.5	0.0	0.0	0.0
Negative_55|0	0.16666666666666666	0.0	0.5	0.16666666666666666	0.16666666666666666	0.16666666666666666	0.0	0.16666666666666666	0.16666666666666666	0.16666666666666666	0.5	0.0	0.0	0.5	0.16666666666666666	0.3333333333333333	0.5	0.0	0.16666666666666666	0.0	0.5	0.16666666666666666	0.5	0.0	0.5	0.0	0.16666666666666666	0.16666666666666666	0.16666666666666666	0.3333333333333333	0.16666666666666666	0.0	0.0	0.0	0.16666666666666666	0.5	0.16666666666666666	0.6666666666666666	0.0
Negative_56|0	0.0	0.0	1.0	0.0	1.0	0.0	0.0	1.0	0.0	0.0	0.0	1.0	1.0	0.0	0.0	0.0	0.0	1.0	0.0	0.0	1.0	1.0	0.0	0.0	1.0	0.0	0.0	1.0	0.0	0.0	0.0	0.0	0.0	0.0	1.0	0.0	0.0	0.0	0.0
Negative_57|0	0.3333333333333333	0.0	0.6666666666666666	0.0	0.3333333333333333	0.3333333333333333	0.0	0.6666666666666666	0.0	0.3333333333333333	0.3333333333333333	0.3333333333333333	0.0	0.6666666666666666	0.0	0.0	0.3333333333333333	0.3333333333333333	0.3333333333333333	0.0	0.6666666666666666	0.0	1.0	0.0	0.6666666666666666	0.0	0.3333333333333333	0.0	0.3333333333333333	0.6666666666666666	0.3333333333333333	0.0	0.0	0.0	0.3333333333333333	0.6666666666666666	0.0	0.3333333333333333	0.3333333333333333
Negative_58|0	0.0	0.0	0.0	0.0	0.0	0.0	0.0	0.0	0.0	0.0	0.0	0.0	0.0	0.0	0.0	0.0	0.0	0.0	0.0	0.0	0.0	0.0	0.0	0.0	0.0	0.0	0.0	0.0	0.0	0.0	0.0	0.0	0.0	0.0	0.0	0.0	0.0	0.0	0.0
Negative_59|0	0.0	0.0	0.0	0.0	0.0	0.0	0.0	0.0	0.0	0.0	0.0	0.0	0.0	0.0	0.0	0.0	0.0	0.0	0.0	0.0	0.0	0.0	0.0	0.0	0.0	0.0	0.0	0.0	0.0	0.0	0.0	0.0	0.0	0.0	0.0	0.0	0.0	0.0	0.0
Negative_60|0	1.0	0.0	0.0	0.0	0.0	1.0	0.0	1.0	0.0	1.0	0.0	0.0	0.0	0.0	0.0	0.0	0.0	0.0	1.0	0.0	0.0	0.0	1.0	0.0	0.0	0.0	1.0	0.0	0.0	1.0	1.0	0.0	0.0	0.0	1.0	0.0	0.0	0.0	1.0
Negative_61|0	0.3333333333333333	0.25	0.25	0.25	0.5	0.08333333333333333	0.3333333333333333	0.5833333333333334	0.0	0.16666666666666666	0.3333333333333333	0.16666666666666666	0.3333333333333333	0.16666666666666666	0.16666666666666666	0.25	0.25	0.08333333333333333	0.0	0.08333333333333333	0.4166666666666667	0.25	0.16666666666666666	0.16666666666666666	0.16666666666666666	0.3333333333333333	0.25	0.08333333333333333	0.08333333333333333	0.25	0.0	0.0	0.0	0.16666666666666666	0.08333333333333333	0.3333333333333333	0.25	0.25	0.3333333333333333
Negative_62|0	1.0	0.0	0.0	0.0	0.0	1.0	0.0	0.0	1.0	0.0	0.0	0.0	0.0	0.0	0.0	0.0	0.0	0.0	1.0	0.0	0.0	0.0	1.0	0.0	0.0	0.0	1.0	0.0	0.0	1.0	1.0	0.0	0.0	0.0	1.0	0.0	0.0	0.0	1.0
Negative_63|0	0.16666666666666666	0.0	0.16666666666666666	0.16666666666666666	0.5	0.0	0.0	0.5	0.0	0.3333333333333333	0.0	0.16666666666666666	0.0	0.16666666666666666	0.0	0.5	0.0	0.16666666666666666	0.16666666666666666	0.0	0.16666666666666666	0.0	0.3333333333333333	0.0	0.16666666666666666	0.0	0.16666666666666666	0.3333333333333333	0.3333333333333333	0.0	0.16666666666666666	0.0	0.0	0.0	0.16666666666666666	0.16666666666666666	0.16666666666666666	0.3333333333333333	0.0
Negative_64|0	0.0	0.0	1.0	0.0	0.0	0.0	1.0	0.0	0.0	0.0	0.0	1.0	0.0	0.0	0.0	0.0	0.0	1.0	0.0	0.0	0.0	1.0	0.0	0.0	1.0	0.0	0.0	1.0	0.0	0.0	0.0	0.0	0.0	1.0	0.0	0.0	0.0	0.0	0.0
Negative_65|0	0.07692307692307693	0.07692307692307693	0.46153846153846156	0.07692307692307693	0.23076923076923078	0.3076923076923077	0.07692307692307693	0.23076923076923078	0.3076923076923077	0.15384615384615385	0.38461538461538464	0.15384615384615385	0.3076923076923077	0.23076923076923078	0.07692307692307693	0.23076923076923078	0.46153846153846156	0.07692307692307693	0.07692307692307693	0.07692307692307693	0.46153846153846156	0.3076923076923077	0.23076923076923078	0.07692307692307693	0.46153846153846156	0.07692307692307693	0.07692307692307693	0.23076923076923078	0.07692307692307693	0.23076923076923078	0.15384615384615385	0.0	0.0	0.15384615384615385	0.15384615384615385	0.38461538461538464	0.15384615384615385	0.5384615384615384	0.0
Negative_66|0	0.0	0.0	0.5714285714285714	0.0	0.2857142857142857	0.14285714285714285	0.0	0.2857142857142857	0.14285714285714285	0.14285714285714285	0.42857142857142855	0.14285714285714285	0.14285714285714285	0.42857142857142855	0.0	0.14285714285714285	0.42857142857142855	0.14285714285714285	0.0	0.0	0.5714285714285714	0.14285714285714285	0.42857142857142855	0.14285714285714285	0.5714285714285714	0.0	0.0	0.2857142857142857	0.0	0.5714285714285714	0.0	0.0	0.0	0.0	0.0	0.5714285714285714	0.0	0.5714285714285714	0.0
Negative_67|0	0.1875	0.0625	0.375	0.0625	0.3125	0.25	0.0625	0.3125	0.25	0.125	0.375	0.125	0.3125	0.1875	0.0625	0.1875	0.375	0.0625	0.125	0.125	0.375	0.3125	0.1875	0.125	0.375	0.125	0.125	0.1875	0.0625	0.25	0.125	0.0	0.125	0.1875	0.1875	0.3125	0.125	0.4375	0.125
Negative_68|0	0.14285714285714285	0.0	0.14285714285714285	0.14285714285714285	0.42857142857142855	0.0	0.0	0.42857142857142855	0.0	0.2857142857142857	0.0	0.14285714285714285	0.0	0.14285714285714285	0.0	0.42857142857142855	0.0	0.14285714285714285	0.14285714285714285	0.0	0.14285714285714285	0.0	0.2857142857142857	0.0	0.14285714285714285	0.0	0.14285714285714285	0.2857142857142857	0.2857142857142857	0.0	0.14285714285714285	0.0	0.0	0.0	0.14285714285714285	0.14285714285714285	0.14285714285714285	0.2857142857142857	0.0
Negative_69|0	0.42857142857142855	0.0	0.14285714285714285	0.14285714285714285	0.42857142857142855	0.14285714285714285	0.0	0.42857142857142855	0.14285714285714285	0.14285714285714285	0.14285714285714285	0.0	0.0	0.14285714285714285	0.14285714285714285	0.2857142857142857	0.14285714285714285	0.0	0.42857142857142855	0.0	0.14285714285714285	0.42857142857142855	0.14285714285714285	0.0	0.14285714285714285	0.0	0.42857142857142855	0.14285714285714285	0.14285714285714285	0.0	0.14285714285714285	0.0	0.2857142857142857	0.0	0.42857142857142855	0.14285714285714285	0.14285714285714285	0.2857142857142857	0.2857142857142857
Negative_70|0	0.14285714285714285	0.0	0.14285714285714285	0.14285714285714285	0.14285714285714285	0.14285714285714285	0.0	0.14285714285714285	0.14285714285714285	0.14285714285714285	0.14285714285714285	0.0	0.0	0.14285714285714285	0.14285714285714285	0.2857142857142857	0.14285714285714285	0.0	0.14285714285714285	0.0	0.14285714285714285	0.0	0.2857142857142857	0.14285714285714285	0.14285714285714285	0.0	0.14285714285714285	0.14285714285714285	0.14285714285714285	0.2857142857142857	0.14285714285714285	0.0	0.0	0.0	0.14285714285714285	0.14285714285714285	0.14285714285714285	0.2857142857142857	0.0
Negative_71|0	0.14285714285714285	0.07142857142857142	0.42857142857142855	0.07142857142857142	0.2857142857142857	0.2857142857142857	0.07142857142857142	0.2857142857142857	0.2857142857142857	0.14285714285714285	0.35714285714285715	0.14285714285714285	0.2857142857142857	0.21428571428571427	0.07142857142857142	0.21428571428571427	0.42857142857142855	0.07142857142857142	0.14285714285714285	0.07142857142857142	0.42857142857142855	0.35714285714285715	0.21428571428571427	0.07142857142857142	0.42857142857142855	0.07142857142857142	0.14285714285714285	0.21428571428571427	0.07142857142857142	0.21428571428571427	0.14285714285714285	0.0	0.0	0.14285714285714285	0.21428571428571427	0.35714285714285715	0.14285714285714285	0.5	0.07142857142857142
Negative_72|0	0.0	0.0	0.0	0.0	1.0	0.0	0.0	1.0	0.0	0.0	0.0	1.0	1.0	0.0	0.0	1.0	0.0	0.0	0.0	0.0	1.0	0.0	1.0	0.0	1.0	0.0	0.0	0.0	1.0	0.0	0.0	0.0	0.0	0.0	0.0	1.0	0.0	1.0	0.0
Negative_73|0	0.0	0.0	0.0	0.0	0.0	0.5	0.0	0.0	0.5	0.0	0.0	0.0	0.0	0.0	0.5	0.0	0.0	0.0	0.0	0.0	0.0	0.0	0.0	0.5	0.0	0.0	0.0	0.0	0.0	0.5	0.0	0.0	0.0	0.0	0.0	0.0	0.0	0.0	0.0
Negative_74|0	1.0	0.0	0.0	0.0	1.0	0.0	0.0	1.0	0.0	0.0	1.0	0.0	1.0	0.0	0.0	0.0	0.0	0.0	0.0	1.0	0.0	0.0	1.0	0.0	0.0	1.0	0.0	0.0	1.0	0.0	0.0	0.0	1.0	0.0	0.0	1.0	0.0	0.0	1.0
Negative_75|0	0.1111111111111111	0.1111111111111111	0.4444444444444444	0.1111111111111111	0.3333333333333333	0.1111111111111111	0.1111111111111111	0.3333333333333333	0.1111111111111111	0.2222222222222222	0.4444444444444444	0.1111111111111111	0.2222222222222222	0.4444444444444444	0.0	0.1111111111111111	0.4444444444444444	0.1111111111111111	0.0	0.0	0.6666666666666666	0.1111111111111111	0.3333333333333333	0.2222222222222222	0.4444444444444444	0.1111111111111111	0.0	0.2222222222222222	0.0	0.5555555555555556	0.0	0.0	0.0	0.0	0.1111111111111111	0.5555555555555556	0.1111111111111111	0.4444444444444444	0.1111111111111111
Negative_76|0	0.625	0.125	0.125	0.125	0.0	0.5	0.125	0.125	0.375	0.625	0.25	0.0	0.5	0.25	0.0	0.0	0.25	0.0	0.25	0.5	0.25	0.125	0.375	0.25	0.125	0.125	0.375	0.0	0.0	0.625	0.625	0.0	0.0	0.125	0.375	0.125	0.125	0.125	0.625
Negative_77|0	0.6666666666666666	0.0	0.0	0.3333333333333333	0.3333333333333333	0.3333333333333333	0.0	0.6666666666666666	0.0	0.6666666666666666	0.0	0.0	0.6666666666666666	0.0	0.0	0.6666666666666666	0.0	0.0	0.3333333333333333	0.3333333333333333	0.3333333333333333	0.3333333333333333	0.0	0.0	0.0	0.0	0.6666666666666666	0.3333333333333333	0.0	0.0	0.0	0.0	0.6666666666666666	0.0	1.0	0.0	0.3333333333333333	0.3333333333333333	0.3333333333333333
Negative_78|0	0.0	0.0	1.0	0.0	1.0	0.0	0.0	1.0	0.0	0.0	0.0	1.0	0.0	1.0	0.0	0.0	0.0	1.0	0.0	0.0	1.0	0.0	1.0	0.0	1.0	0.0	0.0	0.0	1.0	0.0	0.0	0.0	0.0	0.0	0.0	1.0	0.0	0.0	0.0
Negative_79|0	0.0	0.0	1.0	0.0	1.0	0.0	0.0	1.0	0.0	0.0	1.0	0.0	1.0	0.0	0.0	0.0	0.0	1.0	0.0	1.0	0.0	1.0	0.0	0.0	1.0	0.0	0.0	1.0	0.0	0.0	0.0	0.0	0.0	0.0	1.0	0.0	0.0	1.0	0.0
Negative_80|0	0.3	0.1	0.5	0.1	0.1	0.4	0.1	0.1	0.4	0.0	0.8	0.0	0.5	0.3	0.0	0.0	0.6	0.0	0.2	0.2	0.6	0.2	0.6	0.0	0.6	0.2	0.2	0.0	0.0	0.6	0.2	0.0	0.2	0.2	0.3	0.5	0.1	0.4	0.3
Negative_81|0	0.25	0.16666666666666666	0.16666666666666666	0.08333333333333333	0.5	0.08333333333333333	0.16666666666666666	0.5833333333333334	0.0	0.08333333333333333	0.25	0.08333333333333333	0.16666666666666666	0.16666666666666666	0.16666666666666666	0.5	0.16666666666666666	0.0	0.25	0.16666666666666666	0.16666666666666666	0.25	0.16666666666666666	0.16666666666666666	0.08333333333333333	0.25	0.3333333333333333	0.25	0.08333333333333333	0.25	0.0	0.0	0.0	0.16666666666666666	0.08333333333333333	0.3333333333333333	0.16666666666666666	0.16666666666666666	0.25
Negative_82|0	0.1	0.1	0.4	0.1	0.2	0.2	0.1	0.2	0.2	0.2	0.4	0.1	0.2	0.3	0.1	0.3	0.5	0.0	0.1	0.1	0.4	0.2	0.3	0.1	0.4	0.1	0.1	0.2	0.1	0.3	0.2	0.0	0.0	0.1	0.1	0.4	0.2	0.6	0.0
Negative_83|0	0.21428571428571427	0.07142857142857142	0.42857142857142855	0.07142857142857142	0.35714285714285715	0.21428571428571427	0.07142857142857142	0.35714285714285715	0.21428571428571427	0.14285714285714285	0.42857142857142855	0.14285714285714285	0.35714285714285715	0.21428571428571427	0.0	0.21428571428571427	0.42857142857142855	0.07142857142857142	0.14285714285714285	0.14285714285714285	0.42857142857142855	0.35714285714285715	0.21428571428571427	0.14285714285714285	0.42857142857142855	0.14285714285714285	0.14285714285714285	0.21428571428571427	0.07142857142857142	0.2857142857142857	0.14285714285714285	0.0	0.0	0.21428571428571427	0.21428571428571427	0.35714285714285715	0.14285714285714285	0.5	0.14285714285714285
Negative_84|0	0.2	0.0	0.2	0.0	0.4	0.2	0.0	0.6	0.0	0.4	0.0	0.2	0.0	0.2	0.0	0.2	0.0	0.2	0.2	0.0	0.2	0.0	0.4	0.0	0.2	0.0	0.2	0.2	0.2	0.2	0.2	0.0	0.0	0.0	0.2	0.2	0.0	0.2	0.2
Negative_85|0	0.2	0.06666666666666667	0.4	0.06666666666666667	0.3333333333333333	0.2	0.06666666666666667	0.3333333333333333	0.2	0.13333333333333333	0.4	0.13333333333333333	0.3333333333333333	0.2	0.0	0.2	0.4	0.06666666666666667	0.13333333333333333	0.13333333333333333	0.4	0.3333333333333333	0.2	0.13333333333333333	0.4	0.13333333333333333	0.13333333333333333	0.2	0.06666666666666667	0.26666666666666666	0.13333333333333333	0.0	0.0	0.2	0.2	0.3333333333333333	0.13333333333333333	0.4666666666666667	0.13333333333333333
Negative_86|0	0.3333333333333333	0.0	0.3333333333333333	0.3333333333333333	0.3333333333333333	0.0	0.0	0.3333333333333333	0.0	0.0	0.0	0.3333333333333333	0.0	0.3333333333333333	0.0	0.3333333333333333	0.0	0.3333333333333333	0.3333333333333333	0.0	0.3333333333333333	0.0	0.6666666666666666	0.0	0.3333333333333333	0.0	0.3333333333333333	0.0	0.6666666666666666	0.0	0.3333333333333333	0.0	0.0	0.0	0.3333333333333333	0.3333333333333333	0.3333333333333333	0.0	0.0
Negative_87|0	0.0	0.0	0.3333333333333333	0.0	0.0	0.16666666666666666	0.0	0.0	0.16666666666666666	0.0	0.3333333333333333	0.0	0.16666666666666666	0.16666666666666666	0.16666666666666666	0.0	0.3333333333333333	0.0	0.0	0.0	0.3333333333333333	0.16666666666666666	0.16666666666666666	0.16666666666666666	0.3333333333333333	0.0	0.0	0.0	0.0	0.3333333333333333	0.0	0.0	0.0	0.16666666666666666	0.0	0.3333333333333333	0.0	0.3333333333333333	0.0
Negative_88|0	0.0	0.0	0.5	0.0	0.3333333333333333	0.0	0.0	0.3333333333333333	0.0	0.3333333333333333	0.6666666666666666	0.0	0.16666666666666666	0.5	0.0	0.3333333333333333	0.5	0.0	0.0	0.0	0.6666666666666666	0.16666666666666666	0.5	0.0	0.6666666666666666	0.0	0.0	0.3333333333333333	0.0	0.5	0.0	0.0	0.0	0.0	0.0	0.6666666666666666	0.0	0.8333333333333334	0.0
Negative_89|0	0.2857142857142857	0.0	0.2857142857142857	0.0	0.14285714285714285	0.14285714285714285	0.2857142857142857	0.14285714285714285	0.14285714285714285	0.14285714285714285	0.42857142857142855	0.14285714285714285	0.5714285714285714	0.0	0.0	0.14285714285714285	0.14285714285714285	0.14285714285714285	0.14285714285714285	0.14285714285714285	0.42857142857142855	0.42857142857142855	0.42857142857142855	0.0	0.5714285714285714	0.0	0.2857142857142857	0.14285714285714285	0.14285714285714285	0.2857142857142857	0.14285714285714285	0.0	0.0	0.14285714285714285	0.14285714285714285	0.42857142857142855	0.14285714285714285	0.14285714285714285	0.14285714285714285
Negative_90|0	0.3333333333333333	0.0	0.3333333333333333	0.08333333333333333	0.4166666666666667	0.16666666666666666	0.0	0.5	0.08333333333333333	0.25	0.4166666666666667	0.08333333333333333	0.5833333333333334	0.08333333333333333	0.0	0.5	0.16666666666666666	0.16666666666666666	0.25	0.25	0.4166666666666667	0.3333333333333333	0.16666666666666666	0.08333333333333333	0.4166666666666667	0.08333333333333333	0.25	0.3333333333333333	0.16666666666666666	0.08333333333333333	0.0	0.0	0.16666666666666666	0.16666666666666666	0.3333333333333333	0.3333333333333333	0.08333333333333333	0.4166666666666667	0.25
Negative_91|0	0.375	0.25	0.0	0.0	0.625	0.0	0.0	0.625	0.0	0.0	0.25	0.0	0.125	0.125	0.125	0.25	0.25	0.0	0.25	0.125	0.125	0.375	0.0	0.25	0.0	0.25	0.375	0.25	0.0	0.25	0.0	0.0	0.0	0.125	0.0	0.375	0.25	0.0	0.375
Negative_92|0	0.14285714285714285	0.14285714285714285	0.42857142857142855	0.14285714285714285	0.2857142857142857	0.2857142857142857	0.14285714285714285	0.42857142857142855	0.14285714285714285	0.14285714285714285	0.42857142857142855	0.14285714285714285	0.2857142857142857	0.42857142857142855	0.14285714285714285	0.14285714285714285	0.42857142857142855	0.14285714285714285	0.14285714285714285	0.14285714285714285	0.5714285714285714	0.14285714285714285	0.42857142857142855	0.14285714285714285	0.42857142857142855	0.14285714285714285	0.14285714285714285	0.14285714285714285	0.14285714285714285	0.42857142857142855	0.0	0.0	0.2857142857142857	0.14285714285714285	0.2857142857142857	0.42857142857142855	0.14285714285714285	0.42857142857142855	0.14285714285714285
Negative_93|0	0.0	0.0	1.0	0.0	0.0	0.0	0.0	0.0	0.0	0.0	1.0	0.0	1.0	0.0	0.0	0.0	1.0	0.0	0.0	0.0	1.0	1.0	0.0	0.0	1.0	0.0	0.0	0.0	0.0	0.0	0.0	0.0	0.0	0.0	1.0	0.0	0.0	1.0	0.0
Negative_94|0	0.0	0.0	0.0	0.0	0.0	0.0	0.0	0.0	0.0	0.0	0.0	0.0	0.0	0.0	1.0	0.0	0.0	0.0	0.0	0.0	0.0	0.0	0.0	1.0	0.0	0.0	0.0	0.0	0.0	1.0	0.0	0.0	0.0	1.0	0.0	0.0	0.0	0.0	0.0
Negative_95|0	0.19047619047619047	0.047619047619047616	0.42857142857142855	0.09523809523809523	0.14285714285714285	0.2857142857142857	0.047619047619047616	0.19047619047619047	0.23809523809523808	0.14285714285714285	0.3333333333333333	0.14285714285714285	0.19047619047619047	0.2857142857142857	0.09523809523809523	0.23809523809523808	0.3333333333333333	0.14285714285714285	0.19047619047619047	0.14285714285714285	0.3333333333333333	0.38095238095238093	0.3333333333333333	0.14285714285714285	0.38095238095238093	0.09523809523809523	0.23809523809523808	0.3333333333333333	0.14285714285714285	0.3333333333333333	0.047619047619047616	0.047619047619047616	0.047619047619047616	0.2857142857142857	0.23809523809523808	0.2857142857142857	0.09523809523809523	0.38095238095238093	0.14285714285714285
Negative_96|0	0.0	0.0	0.0	0.0	1.0	0.0	0.0	1.0	0.0	1.0	0.0	0.0	0.0	0.0	0.0	1.0	0.0	0.0	0.0	0.0	0.0	0.0	0.0	0.0	0.0	0.0	0.0	1.0	0.0	0.0	0.0	0.0	0.0	0.0	0.0	0.0	0.0	1.0	0.0
Negative_97|0	0.0	0.0	1.0	0.0	0.0	0.0	0.0	0.0	0.0	0.0	1.0	0.0	0.0	1.0	0.0	0.0	1.0	0.0	0.0	0.0	1.0	0.0	1.0	0.0	1.0	0.0	0.0	0.0	0.0	1.0	0.0	0.0	0.0	0.0	0.0	1.0	0.0	1.0	0.0
Negative_98|0	0.0	1.0	0.0	0.0	0.0	1.0	0.0	1.0	0.0	0.0	0.0	1.0	1.0	0.0	0.0	0.0	1.0	0.0	0.0	1.0	0.0	0.0	0.0	1.0	0.0	1.0	0.0	0.0	0.0	1.0	1.0	0.0	0.0	0.0	0.0	0.0	1.0	0.0	0.0
Negative_99|0	0.0	0.0	0.5	0.0	0.5	0.0	0.0	0.5	0.0	0.0	0.0	0.5	0.0	0.5	0.0	0.0	0.0	0.5	0.0	0.0	0.5	0.0	0.5	0.0	0.5	0.0	0.0	0.0	0.5	0.0	0.0	0.0	0.0	0.0	0.0	0.5	0.0	0.0	0.0
Negative_100|0	0.0	0.0	1.0	0.0	0.0	0.0	0.0	0.0	0.0	0.0	1.0	0.0	0.0	1.0	0.0	0.0	1.0	0.0	0.0	0.0	1.0	1.0	0.0	0.0	1.0	0.0	0.0	0.0	0.0	0.0	0.0	0.0	0.0	0.0	0.0	1.0	0.0	1.0	0.0
Negative_101|0	0.2	0.4	0.0	0.0	0.8	0.0	0.0	0.8	0.0	0.0	0.4	0.0	0.2	0.2	0.2	0.2	0.4	0.0	0.2	0.2	0.2	0.2	0.0	0.4	0.0	0.4	0.2	0.2	0.0	0.4	0.0	0.0	0.0	0.2	0.0	0.2	0.4	0.0	0.2
Negative_102|0	0.0	0.0	0.0	0.0	1.0	0.0	0.0	1.0	0.0	1.0	0.0	0.0	0.0	0.0	0.0	1.0	0.0	0.0	0.0	0.0	0.0	0.0	0.0	0.0	0.0	0.0	0.0	1.0	0.0	0.0	0.0	0.0	0.0	0.0	0.0	0.0	0.0	1.0	0.0
Negative_103|0	0.0	0.0	0.5	0.0	0.5	0.0	0.0	0.5	0.0	0.5	0.5	0.0	0.0	0.5	0.0	0.5	0.5	0.0	0.0	0.0	0.5	0.5	0.0	0.0	0.5	0.0	0.0	0.5	0.0	0.0	0.0	0.0	0.0	0.0	0.0	0.5	0.0	1.0	0.0
Negative_104|0	0.0	0.0	0.0	0.0	0.0	0.0	0.0	0.0	0.0	0.0	0.0	0.0	0.0	0.0	1.0	0.0	0.0	0.0	0.0	0.0	0.0	0.0	0.0	0.0	0.0	0.0	0.0	0.0	0.0	0.0	0.0	0.0	0.0	1.0	0.0	0.0	0.0	0.0	0.0
Negative_105|0	0.0	0.0	0.0	0.0	0.0	0.5	0.0	0.0	0.5	0.0	0.0	0.0	0.0	0.0	0.5	0.0	0.0	0.0	0.0	0.0	0.0	0.0	0.0	0.5	0.0	0.0	0.0	0.0	0.0	0.5	0.0	0.0	0.0	0.0	0.0	0.0	0.0	0.0	0.0
Negative_106|0	0.0	0.0	0.6	0.0	0.2	0.0	0.0	0.2	0.0	0.2	0.6	0.0	0.0	0.6	0.0	0.2	0.6	0.0	0.0	0.0	0.6	0.2	0.4	0.0	0.6	0.0	0.0	0.2	0.0	0.4	0.0	0.0	0.0	0.0	0.0	0.6	0.0	0.8	0.0
Negative_107|0	0.0	0.0	1.0	0.0	1.0	0.0	0.0	1.0	0.0	0.0	0.0	1.0	1.0	0.0	0.0	0.0	0.0	1.0	0.0	0.0	1.0	1.0	0.0	0.0	1.0	0.0	0.0	1.0	0.0	0.0	0.0	0.0	0.0	0.0	1.0	0.0	0.0	0.0	0.0
Negative_108|0	0.0	0.0	1.0	0.0	0.0	0.0	0.0	0.0	0.0	0.0	1.0	0.0	0.0	1.0	0.0	0.0	1.0	0.0	0.0	0.0	1.0	0.0	1.0	0.0	1.0	0.0	0.0	0.0	0.0	1.0	0.0	0.0	0.0	0.0	0.0	1.0	0.0	1.0	0.0
Negative_109|0	0.0	0.0	0.5	0.0	0.5	0.0	0.0	0.5	0.0	0.0	0.0	0.5	0.5	0.0	0.0	0.0	0.0	0.5	0.0	0.0	0.5	0.5	0.0	0.0	0.5	0.0	0.0	0.5	0.0	0.0	0.0	0.0	0.0	0.0	0.5	0.0	0.0	0.0	0.0
Negative_110|0	0.0	0.0	0.5	0.0	0.5	0.0	0.0	0.5	0.0	0.0	0.0	0.5	0.0	0.5	0.0	0.0	0.0	0.5	0.0	0.0	0.5	0.0	0.5	0.0	0.5	0.0	0.0	0.0	0.5	0.0	0.0	0.0	0.0	0.0	0.0	0.5	0.0	0.0	0.0
Negative_111|0	0.0	0.0	0.5	0.5	0.0	0.0	0.5	0.0	0.0	0.0	0.0	0.5	0.5	0.0	0.0	0.0	0.0	0.5	0.0	0.0	0.5	0.5	0.0	0.0	0.5	0.0	0.0	0.5	0.0	0.0	0.0	0.0	0.0	0.0	0.0	0.5	0.0	0.0	0.0
Negative_112|0	0.0	0.0	1.0	1.0	0.0	0.0	1.0	0.0	0.0	0.0	0.0	1.0	1.0	0.0	0.0	0.0	0.0	1.0	0.0	0.0	1.0	1.0	0.0	0.0	1.0	0.0	0.0	1.0	0.0	0.0	0.0	0.0	0.0	0.0	0.0	1.0	0.0	0.0	0.0
Negative_113|0	0.0	0.0	0.0	0.0	1.0	0.0	0.0	1.0	0.0	0.0	0.0	1.0	1.0	0.0	0.0	1.0	0.0	0.0	0.0	0.0	1.0	0.0	1.0	0.0	1.0	0.0	0.0	0.0	1.0	0.0	0.0	0.0	0.0	0.0	0.0	1.0	0.0	1.0	0.0
Negative_114|0	0.16666666666666666	0.0	0.3333333333333333	0.16666666666666666	0.6666666666666666	0.0	0.0	0.6666666666666666	0.0	0.3333333333333333	0.0	0.3333333333333333	0.0	0.3333333333333333	0.0	0.5	0.0	0.3333333333333333	0.16666666666666666	0.0	0.3333333333333333	0.3333333333333333	0.16666666666666666	0.0	0.3333333333333333	0.0	0.16666666666666666	0.6666666666666666	0.16666666666666666	0.0	0.16666666666666666	0.0	0.0	0.0	0.16666666666666666	0.3333333333333333	0.16666666666666666	0.3333333333333333	0.0
Negative_115|0	0.0	0.0	0.6666666666666666	0.0	0.0	0.3333333333333333	0.0	0.0	0.3333333333333333	0.0	0.6666666666666666	0.0	0.3333333333333333	0.3333333333333333	0.0	0.0	0.6666666666666666	0.0	0.0	0.0	0.6666666666666666	0.0	0.6666666666666666	0.3333333333333333	0.6666666666666666	0.0	0.0	0.0	0.0	1.0	0.0	0.0	0.0	0.0	0.0	0.6666666666666666	0.0	0.6666666666666666	0.0
Negative_116|0	0.25	0.25	0.25	0.5	0.5	0.0	0.0	0.5	0.0	0.5	0.25	0.25	0.5	0.5	0.0	0.25	0.25	0.25	0.0	0.75	0.25	0.25	0.25	0.25	0.25	0.25	0.25	0.25	0.25	0.25	0.0	0.0	0.5	0.25	0.25	0.25	0.5	0.25	0.0
Negative_117|0	0.0	0.3333333333333333	0.3333333333333333	0.0	0.4444444444444444	0.1111111111111111	0.0	0.5555555555555556	0.0	0.0	0.2222222222222222	0.3333333333333333	0.5555555555555556	0.0	0.0	0.1111111111111111	0.5555555555555556	0.1111111111111111	0.0	0.3333333333333333	0.2222222222222222	0.1111111111111111	0.1111111111111111	0.3333333333333333	0.2222222222222222	0.3333333333333333	0.0	0.1111111111111111	0.1111111111111111	0.3333333333333333	0.1111111111111111	0.0	0.2222222222222222	0.2222222222222222	0.1111111111111111	0.1111111111111111	0.3333333333333333	0.3333333333333333	0.0
Negative_118|0	0.125	0.0	0.125	0.125	0.375	0.0	0.0	0.375	0.0	0.25	0.0	0.125	0.0	0.125	0.0	0.375	0.0	0.125	0.125	0.0	0.125	0.0	0.25	0.0	0.125	0.0	0.125	0.25	0.25	0.0	0.125	0.0	0.0	0.0	0.125	0.125	0.125	0.25	0.0
Negative_119|0	0.0	0.0	1.0	0.0	0.0	0.0	0.0	0.0	0.0	0.0	0.0	0.0	0.0	0.0	1.0	0.0	1.0	0.0	0.0	0.0	0.0	0.0	0.0	0.0	0.0	0.0	0.0	0.0	0.0	0.0	0.0	0.0	0.0	0.0	0.0	0.0	0.0	1.0	0.0
Negative_120|0	1.0	0.0	0.0	0.0	0.25	0.0	0.0	0.25	0.0	0.5	0.25	0.0	0.25	0.0	0.0	0.75	0.0	0.0	0.5	0.25	0.0	0.75	0.0	0.25	0.0	0.25	0.75	0.75	0.0	0.25	0.0	0.0	0.5	0.25	0.25	0.0	0.5	0.0	0.5
Negative_121|0	0.25	0.0	0.125	0.25	0.125	0.125	0.0	0.125	0.125	0.125	0.125	0.0	0.0	0.125	0.125	0.375	0.125	0.0	0.25	0.0	0.125	0.0	0.375	0.125	0.125	0.0	0.25	0.125	0.25	0.25	0.25	0.0	0.0	0.0	0.25	0.125	0.25	0.25	0.0
Negative_122|0	0.0	0.0	1.0	0.0	1.0	0.0	0.0	1.0	0.0	0.0	1.0	0.0	0.0	1.0	0.0	0.0	0.0	1.0	0.0	0.0	1.0	1.0	0.0	0.0	1.0	0.0	0.0	1.0	0.0	0.0	0.0	0.0	0.0	0.0	0.0	0.0	0.0	1.0	0.0
Negative_123|0	0.0	0.0	1.0	0.0	0.0	0.0	0.0	0.0	0.0	0.0	0.0	0.0	0.0	0.0	1.0	0.0	1.0	0.0	0.0	0.0	0.0	0.0	0.0	0.0	0.0	0.0	0.0	0.0	0.0	0.0	0.0	0.0	0.0	0.0	0.0	0.0	0.0	1.0	0.0
Negative_124|0	0.15384615384615385	0.07692307692307693	0.46153846153846156	0.07692307692307693	0.3076923076923077	0.23076923076923078	0.07692307692307693	0.3076923076923077	0.23076923076923078	0.15384615384615385	0.38461538461538464	0.15384615384615385	0.3076923076923077	0.23076923076923078	0.0	0.23076923076923078	0.46153846153846156	0.07692307692307693	0.15384615384615385	0.07692307692307693	0.46153846153846156	0.38461538461538464	0.23076923076923078	0.07692307692307693	0.46153846153846156	0.07692307692307693	0.15384615384615385	0.23076923076923078	0.07692307692307693	0.23076923076923078	0.15384615384615385	0.0	0.0	0.15384615384615385	0.23076923076923078	0.38461538461538464	0.15384615384615385	0.5384615384615384	0.07692307692307693
Negative_125|0	0.0	0.0	0.6	0.0	0.4	0.0	0.0	0.4	0.0	0.4	0.6	0.0	0.0	0.6	0.0	0.4	0.6	0.0	0.0	0.0	0.6	0.2	0.4	0.0	0.6	0.0	0.0	0.4	0.0	0.4	0.0	0.0	0.0	0.0	0.0	0.6	0.0	1.0	0.0
Negative_126|0	0.0	0.0	1.0	0.0	1.0	0.0	0.0	1.0	0.0	0.0	0.0	1.0	1.0	0.0	0.0	0.0	0.0	1.0	0.0	0.0	1.0	1.0	0.0	0.0	1.0	0.0	0.0	1.0	0.0	0.0	0.0	0.0	0.0	0.0	1.0	0.0	0.0	0.0	0.0
Negative_127|0	0.0	0.0	0.5	0.0	0.0	0.5	0.0	0.0	0.5	0.0	0.5	0.0	0.5	0.0	0.0	0.0	0.5	0.0	0.0	0.0	0.5	0.0	0.5	0.5	0.5	0.0	0.0	0.0	0.0	1.0	0.0	0.0	0.0	0.0	0.0	0.5	0.0	0.5	0.0
Negative_128|0	0.16666666666666666	0.16666666666666666	0.3333333333333333	0.0	0.3333333333333333	0.16666666666666666	0.0	0.5	0.0	0.0	0.3333333333333333	0.16666666666666666	0.3333333333333333	0.0	0.3333333333333333	0.16666666666666666	0.5	0.0	0.16666666666666666	0.16666666666666666	0.16666666666666666	0.16666666666666666	0.3333333333333333	0.0	0.3333333333333333	0.16666666666666666	0.16666666666666666	0.0	0.16666666666666666	0.16666666666666666	0.0	0.0	0.3333333333333333	0.16666666666666666	0.16666666666666666	0.16666666666666666	0.16666666666666666	0.5	0.16666666666666666
Negative_129|0	0.0	0.0	0.0	0.0	0.0	0.0	0.0	0.0	0.0	0.0	0.0	0.0	0.0	0.0	1.0	0.0	0.0	0.0	0.0	0.0	0.0	0.0	0.0	1.0	0.0	0.0	0.0	0.0	0.0	1.0	0.0	0.0	0.0	1.0	0.0	0.0	0.0	0.0	0.0
Negative_130|0	0.0	0.0	0.6	0.0	0.2	0.4	0.0	0.2	0.4	0.2	0.6	0.0	0.2	0.4	0.2	0.2	0.6	0.0	0.0	0.0	0.6	0.2	0.4	0.0	0.6	0.0	0.0	0.2	0.0	0.4	0.0	0.0	0.0	0.0	0.0	0.6	0.0	0.8	0.0
Negative_131|0	0.18181818181818182	0.36363636363636365	0.0	0.0	0.45454545454545453	0.09090909090909091	0.0	0.5454545454545454	0.0	0.09090909090909091	0.36363636363636365	0.0	0.18181818181818182	0.18181818181818182	0.0	0.18181818181818182	0.36363636363636365	0.0	0.2727272727272727	0.18181818181818182	0.18181818181818182	0.2727272727272727	0.09090909090909091	0.18181818181818182	0.0	0.36363636363636365	0.18181818181818182	0.36363636363636365	0.0	0.2727272727272727	0.09090909090909091	0.0	0.18181818181818182	0.09090909090909091	0.36363636363636365	0.2727272727272727	0.36363636363636365	0.0	0.18181818181818182
Negative_132|0	0.0	0.0	0.0	0.0	0.0	0.0	0.0	0.0	0.0	0.0	0.0	0.0	0.0	0.0	0.0	0.0	0.0	0.0	0.0	0.0	0.0	0.0	0.0	0.0	0.0	0.0	0.0	0.0	0.0	0.0	0.0	0.0	0.0	0.0	0.0	0.0	0.0	0.0	0.0
Negative_133|0	0.0	0.0	1.0	0.0	0.0	0.0	0.0	0.0	0.0	0.0	1.0	0.0	0.0	1.0	0.0	0.0	1.0	0.0	0.0	0.0	1.0	0.0	1.0	0.0	1.0	0.0	0.0	0.0	0.0	1.0	0.0	0.0	0.0	0.0	0.0	1.0	0.0	1.0	0.0
Negative_134|0	0.0	0.0	0.3333333333333333	0.0	0.0	0.0	0.0	0.0	0.0	0.0	0.3333333333333333	0.0	0.0	0.3333333333333333	0.0	0.0	0.3333333333333333	0.0	0.0	0.0	0.3333333333333333	0.0	0.3333333333333333	0.0	0.3333333333333333	0.0	0.0	0.0	0.0	0.3333333333333333	0.0	0.0	0.0	0.0	0.0	0.3333333333333333	0.0	0.3333333333333333	0.0
Negative_135|0	0.0	0.5	0.0	0.0	0.5	0.0	0.0	0.5	0.0	0.0	0.5	0.0	0.5	0.0	0.0	0.0	0.5	0.0	0.0	0.5	0.0	0.0	0.0	0.0	0.0	0.5	0.0	0.0	0.0	0.0	0.0	0.0	0.5	0.0	0.0	0.0	0.5	0.0	0.0
Negative_136|0	0.1	0.0	0.5	0.1	0.2	0.3	0.1	0.2	0.3	0.3	0.4	0.1	0.2	0.3	0.1	0.2	0.5	0.0	0.0	0.0	0.5	0.1	0.3	0.3	0.4	0.1	0.0	0.2	0.0	0.6	0.0	0.0	0.0	0.2	0.1	0.4	0.0	0.7	0.1
Negative_137|0	0.0	0.0	0.6666666666666666	0.0	0.6666666666666666	0.0	0.0	0.6666666666666666	0.0	0.0	0.0	0.6666666666666666	0.6666666666666666	0.0	0.0	0.0	0.0	0.6666666666666666	0.0	0.0	0.6666666666666666	0.6666666666666666	0.0	0.0	0.6666666666666666	0.0	0.0	0.6666666666666666	0.0	0.0	0.0	0.0	0.0	0.0	0.6666666666666666	0.0	0.0	0.0	0.0
Negative_138|0	0.0	0.0	0.5	0.0	0.5	0.0	0.0	0.5	0.0	0.0	0.0	0.5	0.5	0.0	0.0	0.0	0.0	0.5	0.0	0.0	0.5	0.5	0.0	0.0	0.5	0.0	0.0	0.5	0.0	0.0	0.0	0.0	0.0	0.0	0.5	0.0	0.0	0.0	0.0
Negative_139|0	0.14285714285714285	0.0	0.42857142857142855	0.14285714285714285	0.14285714285714285	0.14285714285714285	0.0	0.14285714285714285	0.14285714285714285	0.14285714285714285	0.42857142857142855	0.0	0.0	0.42857142857142855	0.14285714285714285	0.2857142857142857	0.42857142857142855	0.0	0.14285714285714285	0.0	0.42857142857142855	0.14285714285714285	0.42857142857142855	0.0	0.42857142857142855	0.0	0.14285714285714285	0.14285714285714285	0.14285714285714285	0.2857142857142857	0.14285714285714285	0.0	0.0	0.0	0.14285714285714285	0.42857142857142855	0.14285714285714285	0.5714285714285714	0.0
Negative_140|0	0.09090909090909091	0.2727272727272727	0.36363636363636365	0.18181818181818182	0.09090909090909091	0.18181818181818182	0.18181818181818182	0.09090909090909091	0.18181818181818182	0.0	0.45454545454545453	0.18181818181818182	0.45454545454545453	0.0	0.0	0.09090909090909091	0.6363636363636364	0.0	0.18181818181818182	0.18181818181818182	0.2727272727272727	0.2727272727272727	0.0	0.18181818181818182	0.18181818181818182	0.45454545454545453	0.09090909090909091	0.09090909090909091	0.0	0.18181818181818182	0.0	0.0	0.36363636363636365	0.09090909090909091	0.36363636363636365	0.18181818181818182	0.2727272727272727	0.36363636363636365	0.09090909090909091
Negative_141|0	0.0	0.0	0.5	0.0	0.0	0.0	0.0	0.0	0.0	0.0	0.5	0.0	0.0	0.5	0.0	0.0	0.5	0.0	0.0	0.0	0.5	0.0	0.5	0.0	0.5	0.0	0.0	0.0	0.0	0.5	0.0	0.0	0.0	0.0	0.0	0.5	0.0	0.5	0.0
Negative_142|0	0.0	1.0	0.0	0.0	1.0	0.0	0.0	0.0	0.0	0.0	1.0	0.0	0.0	1.0	0.0	1.0	0.0	0.0	0.0	1.0	0.0	0.0	0.0	1.0	0.0	1.0	0.0	0.0	0.0	1.0	0.0	0.0	1.0	1.0	0.0	0.0	1.0	0.0	0.0
Negative_143|0	0.0	0.0	1.0	0.0	0.5	0.5	0.0	1.0	0.0	0.0	0.5	0.5	0.5	0.0	0.0	0.0	0.0	1.0	0.0	0.5	0.0	1.0	0.0	0.0	1.0	0.0	0.0	1.0	0.0	0.0	0.0	0.0	0.0	0.0	0.5	0.0	0.0	0.5	0.0
Negative_144|0	0.0	0.0	0.3333333333333333	0.0	0.0	0.3333333333333333	0.0	0.0	0.3333333333333333	0.0	0.3333333333333333	0.0	0.0	0.3333333333333333	0.3333333333333333	0.0	0.3333333333333333	0.0	0.0	0.0	0.3333333333333333	0.0	0.3333333333333333	0.3333333333333333	0.3333333333333333	0.0	0.0	0.0	0.0	0.6666666666666666	0.0	0.0	0.0	0.0	0.0	0.3333333333333333	0.0	0.3333333333333333	0.0
Negative_145|0	0.0	0.0	1.0	0.0	0.5	0.0	0.0	0.5	0.0	0.0	0.0	0.5	0.5	0.0	0.0	0.0	0.5	0.5	0.0	0.0	0.5	0.5	0.0	0.5	0.5	0.0	0.0	0.5	0.0	0.5	0.0	0.0	0.0	0.5	0.5	0.0	0.0	0.5	0.0
Negative_146|0	0.0	0.0	0.3333333333333333	0.0	0.3333333333333333	0.0	0.0	0.3333333333333333	0.0	0.0	0.0	0.3333333333333333	0.3333333333333333	0.0	0.0	0.0	0.0	0.3333333333333333	0.0	0.0	0.3333333333333333	0.3333333333333333	0.0	0.0	0.3333333333333333	0.0	0.0	0.3333333333333333	0.0	0.0	0.0	0.0	0.0	0.0	0.3333333333333333	0.0	0.0	0.0	0.0
Negative_147|0	0.0	0.0	0.0	0.0	0.0	1.0	0.0	0.0	1.0	0.0	0.0	0.0	0.0	0.0	1.0	0.0	0.0	0.0	0.0	0.0	0.0	0.0	0.0	0.0	0.0	0.0	0.0	0.0	0.0	0.0	0.0	0.0	0.0	0.0	0.0	0.0	0.0	0.0	0.0
Negative_148|0	0.0	0.0	0.25	0.0	0.0	0.25	0.0	0.0	0.25	0.0	0.25	0.0	0.0	0.25	0.25	0.0	0.25	0.0	0.0	0.0	0.25	0.0	0.25	0.25	0.25	0.0	0.0	0.0	0.0	0.5	0.0	0.0	0.0	0.0	0.0	0.25	0.0	0.25	0.0
Negative_149|0	0.2222222222222222	0.0	0.5555555555555556	0.1111111111111111	0.1111111111111111	0.1111111111111111	0.1111111111111111	0.1111111111111111	0.1111111111111111	0.2222222222222222	0.4444444444444444	0.1111111111111111	0.2222222222222222	0.4444444444444444	0.0	0.1111111111111111	0.4444444444444444	0.1111111111111111	0.0	0.0	0.6666666666666666	0.3333333333333333	0.3333333333333333	0.2222222222222222	0.5555555555555556	0.0	0.1111111111111111	0.2222222222222222	0.0	0.5555555555555556	0.0	0.0	0.0	0.0	0.1111111111111111	0.5555555555555556	0.1111111111111111	0.4444444444444444	0.1111111111111111
Negative_150|0	0.5	0.0	0.0	0.5	0.5	0.0	0.0	0.5	0.0	0.5	0.0	0.0	0.0	0.0	0.0	1.0	0.0	0.0	0.5	0.0	0.0	0.0	0.5	0.0	0.0	0.0	0.5	0.5	0.5	0.0	0.5	0.0	0.0	0.0	0.5	0.0	0.5	0.5	0.0
Negative_151|0	0.0	0.0	0.4	0.0	0.4	0.0	0.0	0.4	0.0	0.0	0.0	0.4	0.0	0.4	0.0	0.0	0.0	0.4	0.0	0.0	0.4	0.0	0.4	0.0	0.4	0.0	0.0	0.0	0.4	0.0	0.0	0.0	0.0	0.0	0.0	0.4	0.0	0.0	0.0
Negative_152|0	1.0	0.0	0.0	1.0	0.0	0.0	0.0	0.0	0.0	0.0	0.0	0.0	0.0	0.0	0.0	1.0	0.0	0.0	1.0	0.0	0.0	0.0	1.0	0.0	0.0	0.0	1.0	0.0	1.0	0.0	1.0	0.0	0.0	0.0	1.0	0.0	1.0	0.0	0.0
Negative_153|0	0.0	0.0	0.5	0.0	0.5	0.0	0.0	0.5	0.0	0.0	0.0	0.5	0.5	0.0	0.0	0.0	0.0	0.5	0.0	0.0	0.5	0.5	0.0	0.0	0.5	0.0	0.0	0.5	0.0	0.0	0.0	0.0	0.0	0.0	0.5	0.0	0.0	0.0	0.0
Negative_154|0	0.0	0.0	0.3333333333333333	0.0	0.3333333333333333	0.0	0.0	0.3333333333333333	0.0	0.3333333333333333	0.3333333333333333	0.0	0.0	0.3333333333333333	0.0	0.3333333333333333	0.3333333333333333	0.0	0.0	0.0	0.3333333333333333	0.0	0.3333333333333333	0.0	0.3333333333333333	0.0	0.0	0.3333333333333333	0.0	0.3333333333333333	0.0	0.0	0.0	0.0	0.0	0.3333333333333333	0.0	0.6666666666666666	0.0
Negative_155|0	0.2	0.0	0.2	0.2	0.6	0.0	0.0	0.6	0.0	0.4	0.0	0.2	0.0	0.2	0.0	0.6	0.0	0.2	0.2	0.0	0.2	0.0	0.4	0.0	0.2	0.0	0.2	0.4	0.4	0.0	0.2	0.0	0.0	0.0	0.2	0.2	0.2	0.4	0.0
Negative_156|0	0.5	0.0	0.0	0.0	0.0	0.0	0.0	0.0	0.0	0.5	0.0	0.0	0.0	0.0	0.0	0.5	0.0	0.0	0.5	0.0	0.0	0.5	0.0	0.0	0.0	0.0	0.5	0.5	0.0	0.0	0.0	0.0	0.5	0.0	0.5	0.0	0.5	0.0	0.0
Negative_157|0	0.2	0.0	0.4	0.0	0.2	0.2	0.0	0.4	0.0	0.2	0.2	0.2	0.0	0.4	0.0	0.0	0.2	0.2	0.2	0.0	0.4	0.0	0.6	0.0	0.4	0.0	0.2	0.0	0.2	0.4	0.2	0.0	0.0	0.0	0.2	0.4	0.0	0.2	0.2
Negative_158|0	0.0	1.0	0.0	0.0	0.0	1.0	0.0	0.0	1.0	0.0	1.0	0.0	0.0	1.0	0.0	0.0	1.0	0.0	0.0	1.0	0.0	0.0	0.0	1.0	0.0	1.0	0.0	0.0	0.0	1.0	1.0	0.0	0.0	1.0	0.0	0.0	1.0	0.0	0.0
Negative_159|0	0.2	0.0	0.2	0.0	0.0	0.4	0.0	0.0	0.4	0.0	0.2	0.0	0.0	0.2	0.2	0.0	0.2	0.0	0.2	0.0	0.2	0.0	0.4	0.2	0.2	0.0	0.2	0.0	0.0	0.6	0.2	0.0	0.0	0.0	0.2	0.2	0.0	0.2	0.2
Negative_160|0	0.0	0.0	1.0	0.0	0.0	0.0	0.0	0.0	0.0	0.0	1.0	0.0	0.0	1.0	0.0	0.0	1.0	0.0	0.0	0.0	1.0	1.0	0.0	0.0	1.0	0.0	0.0	0.0	0.0	0.0	0.0	0.0	0.0	0.0	0.0	1.0	0.0	1.0	0.0
Negative_161|0	0.0	0.0	1.0	0.0	0.0	0.0	0.0	0.0	0.0	0.0	0.0	0.0	0.0	0.0	0.0	0.0	1.0	0.0	0.0	0.0	0.0	0.0	0.0	1.0	0.0	0.0	0.0	0.0	0.0	1.0	0.0	0.0	0.0	1.0	0.0	0.0	0.0	1.0	0.0
Negative_162|0	0.0	0.0	1.0	0.0	0.0	1.0	0.0	0.0	1.0	0.0	0.0	0.0	0.0	0.0	0.0	0.0	1.0	0.0	0.0	0.0	0.0	0.0	0.0	1.0	0.0	0.0	0.0	0.0	0.0	1.0	0.0	0.0	0.0	0.0	0.0	0.0	0.0	1.0	0.0
Negative_163|0	0.16666666666666666	0.0	0.16666666666666666	0.16666666666666666	0.16666666666666666	0.16666666666666666	0.0	0.16666666666666666	0.16666666666666666	0.16666666666666666	0.16666666666666666	0.0	0.0	0.16666666666666666	0.16666666666666666	0.3333333333333333	0.16666666666666666	0.0	0.16666666666666666	0.0	0.16666666666666666	0.0	0.3333333333333333	0.16666666666666666	0.16666666666666666	0.0	0.16666666666666666	0.16666666666666666	0.16666666666666666	0.3333333333333333	0.16666666666666666	0.0	0.0	0.0	0.16666666666666666	0.16666666666666666	0.16666666666666666	0.3333333333333333	0.0
Negative_164|0	0.0	1.0	0.0	0.0	1.0	0.0	0.0	1.0	0.0	0.0	1.0	0.0	0.0	1.0	0.0	0.0	1.0	0.0	0.0	1.0	0.0	0.0	0.0	0.0	0.0	1.0	0.0	0.0	0.0	0.0	0.0	0.0	0.0	1.0	0.0	0.0	1.0	0.0	0.0
Negative_165|0	0.0	0.0	0.0	0.0	0.0	0.0	0.0	1.0	0.0	0.0	0.0	0.0	0.0	0.0	0.0	0.0	0.0	1.0	0.0	0.0	0.0	0.0	0.0	1.0	0.0	0.0	0.0	0.0	0.0	1.0	0.0	0.0	0.0	0.0	0.0	0.0	0.0	0.0	0.0
Negative_166|0	0.5	0.0	0.0	0.0	0.5	0.5	0.0	1.0	0.0	1.0	0.0	0.0	0.0	0.0	0.0	0.5	0.0	0.0	0.5	0.0	0.0	0.0	0.5	0.0	0.0	0.0	0.5	0.5	0.0	0.5	0.5	0.0	0.0	0.0	0.5	0.0	0.0	0.5	0.5
Negative_167|0	0.0	0.0	0.0	0.0	0.0	0.0	0.0	1.0	0.0	0.0	0.0	0.0	0.0	0.0	0.0	0.0	0.0	1.0	0.0	0.0	0.0	0.0	0.0	0.0	0.0	0.0	0.0	0.0	0.0	0.0	0.0	0.0	0.0	0.0	0.0	0.0	0.0	0.0	0.0
Negative_168|0	0.2	0.0	0.2	0.2	0.2	0.2	0.0	0.2	0.2	0.2	0.2	0.0	0.0	0.2	0.2	0.4	0.2	0.0	0.2	0.0	0.2	0.0	0.4	0.2	0.2	0.0	0.2	0.2	0.2	0.4	0.2	0.0	0.0	0.0	0.2	0.2	0.2	0.4	0.0
Negative_169|0	0.5	0.5	0.0	0.0	0.0	1.0	0.0	1.0	0.0	0.5	0.0	0.5	0.5	0.0	0.0	0.0	0.5	0.0	0.5	0.5	0.0	0.0	0.5	0.5	0.0	0.5	0.5	0.0	0.0	1.0	1.0	0.0	0.0	0.0	0.5	0.0	0.5	0.0	0.5
Negative_170|0	0.0	0.0	0.0	0.0	0.0	0.0	0.0	0.0	0.0	0.0	0.0	0.0	0.0	0.0	0.0	0.0	0.0	0.0	0.0	0.0	0.0	0.0	0.0	0.0	0.0	0.0	0.0	0.0	0.0	0.0	0.0	0.0	0.0	0.0	0.0	0.0	0.0	0.0	0.0
Negative_171|0	0.25	0.0	0.25	0.0	0.0	0.25	0.0	0.25	0.0	0.25	0.25	0.0	0.0	0.25	0.0	0.0	0.25	0.0	0.25	0.0	0.25	0.0	0.5	0.0	0.25	0.0	0.25	0.0	0.0	0.5	0.25	0.0	0.0	0.0	0.25	0.25	0.0	0.25	0.25
Negative_172|0	0.0	0.0	0.0	0.0	0.0	0.0	0.0	0.0	0.0	0.0	0.0	0.0	0.0	0.0	0.0	0.0	0.0	0.0	0.5	0.0	0.0	0.0	0.0	0.0	0.0	0.0	0.0	0.0	0.0	0.0	0.0	0.0	0.5	0.0	0.5	0.0	0.0	0.0	0.0
Negative_173|0	0.0	0.0	0.5	0.0	0.0	0.0	0.0	0.0	0.0	0.0	1.0	0.0	0.5	0.5	0.0	0.0	0.5	0.0	0.0	0.0	1.0	0.0	1.0	0.0	1.0	0.0	0.0	0.0	0.0	1.0	0.0	0.0	0.0	0.0	0.0	1.0	0.0	0.5	0.0
Negative_174|0	0.0	0.0	0.0	0.0	0.0	0.0	0.0	0.0	0.0	0.0	0.0	0.0	0.0	0.0	0.0	0.0	0.0	0.0	0.0	0.0	0.0	0.0	0.0	0.0	0.0	0.0	0.0	0.0	0.0	0.0	0.0	0.0	0.0	0.0	0.0	0.0	0.0	0.0	0.0
Negative_175|0	0.0	0.0	0.0	0.0	0.0	1.0	0.0	0.0	1.0	0.0	0.0	0.0	0.0	0.0	1.0	0.0	0.0	0.0	0.0	0.0	0.0	0.0	0.0	1.0	0.0	0.0	0.0	0.0	0.0	1.0	0.0	0.0	0.0	0.0	0.0	0.0	0.0	0.0	0.0
Negative_176|0	0.0	0.0	0.0	0.0	0.0	1.0	0.0	1.0	0.0	1.0	0.0	0.0	1.0	0.0	0.0	1.0	0.0	0.0	0.0	0.0	1.0	0.0	0.0	0.0	0.0	0.0	0.0	1.0	0.0	0.0	0.0	0.0	0.0	0.0	1.0	0.0	0.0	1.0	0.0
Negative_177|0	0.0	0.0	0.0	0.0	0.5	0.0	0.0	0.5	0.0	0.5	0.0	0.0	0.0	0.0	0.0	0.5	0.0	0.0	0.0	0.0	0.0	0.0	0.0	0.0	0.0	0.0	0.0	0.5	0.0	0.0	0.0	0.0	0.0	0.0	0.0	0.0	0.0	0.5	0.0
Negative_178|0	0.0	0.0	0.25	0.0	0.25	0.0	0.0	0.25	0.0	0.0	0.0	0.25	0.25	0.0	0.0	0.0	0.0	0.25	0.0	0.0	0.25	0.25	0.0	0.0	0.25	0.0	0.0	0.25	0.0	0.0	0.0	0.0	0.0	0.0	0.25	0.0	0.0	0.0	0.0
Negative_179|0	0.2857142857142857	0.14285714285714285	0.5714285714285714	0.0	0.2857142857142857	0.42857142857142855	0.0	0.5714285714285714	0.14285714285714285	0.0	0.42857142857142855	0.2857142857142857	0.42857142857142855	0.0	0.14285714285714285	0.0	0.42857142857142855	0.2857142857142857	0.14285714285714285	0.2857142857142857	0.14285714285714285	0.42857142857142855	0.14285714285714285	0.42857142857142855	0.42857142857142855	0.2857142857142857	0.14285714285714285	0.14285714285714285	0.14285714285714285	0.42857142857142855	0.14285714285714285	0.0	0.0	0.42857142857142855	0.2857142857142857	0.0	0.14285714285714285	0.2857142857142857	0.2857142857142857
Negative_180|0	0.36363636363636365	0.0	0.0	0.18181818181818182	0.0	0.0	0.18181818181818182	0.0	0.0	0.36363636363636365	0.0	0.0	0.18181818181818182	0.0	0.0	0.18181818181818182	0.0	0.0	0.36363636363636365	0.18181818181818182	0.0	0.09090909090909091	0.09090909090909091	0.09090909090909091	0.0	0.0	0.18181818181818182	0.09090909090909091	0.09090909090909091	0.09090909090909091	0.18181818181818182	0.0	0.36363636363636365	0.0	0.36363636363636365	0.0	0.18181818181818182	0.0	0.18181818181818182
Negative_181|0	0.0	0.0	0.5	0.5	0.0	0.0	0.5	0.0	0.0	0.0	0.0	0.5	0.5	0.0	0.0	0.0	0.0	0.5	0.0	0.0	0.5	0.5	0.0	0.0	0.5	0.0	0.0	0.5	0.0	0.0	0.0	0.0	0.0	0.0	0.0	0.5	0.0	0.0	0.0
Negative_182|0	0.5	0.0	0.0	0.5	0.5	0.0	0.0	0.5	0.0	0.5	0.0	0.0	0.0	0.0	0.0	1.0	0.0	0.0	0.5	0.0	0.0	0.0	0.5	0.0	0.0	0.0	0.5	0.5	0.5	0.0	0.5	0.0	0.0	0.0	0.5	0.0	0.5	0.5	0.0
Negative_183|0	0.0	0.0	0.0	0.0	0.0	0.0	0.0	1.0	0.0	0.0	0.0	0.0	0.0	0.0	0.0	0.0	0.0	1.0	0.0	0.0	0.0	0.0	0.0	0.0	0.0	0.0	0.0	0.0	0.0	0.0	0.0	0.0	0.0	0.0	0.0	0.0	0.0	0.0	0.0
Negative_184|0	0.0	0.0	0.3333333333333333	0.0	0.3333333333333333	0.0	0.0	0.3333333333333333	0.0	0.0	0.0	0.3333333333333333	0.3333333333333333	0.0	0.0	0.0	0.0	0.3333333333333333	0.0	0.0	0.3333333333333333	0.3333333333333333	0.0	0.0	0.3333333333333333	0.0	0.0	0.3333333333333333	0.0	0.0	0.0	0.0	0.0	0.0	0.3333333333333333	0.0	0.0	0.0	0.0
Negative_185|0	0.0	1.0	0.0	0.0	1.0	0.0	0.0	1.0	0.0	0.0	1.0	0.0	1.0	0.0	0.0	0.0	1.0	0.0	0.0	1.0	0.0	1.0	0.0	0.0	0.0	1.0	0.0	1.0	0.0	0.0	0.0	0.0	1.0	0.0	1.0	0.0	1.0	0.0	0.0
Negative_186|0	0.2857142857142857	0.0	0.2857142857142857	0.14285714285714285	0.14285714285714285	0.14285714285714285	0.0	0.2857142857142857	0.0	0.14285714285714285	0.14285714285714285	0.14285714285714285	0.0	0.2857142857142857	0.0	0.14285714285714285	0.14285714285714285	0.14285714285714285	0.2857142857142857	0.0	0.2857142857142857	0.0	0.5714285714285714	0.0	0.2857142857142857	0.0	0.2857142857142857	0.0	0.2857142857142857	0.2857142857142857	0.2857142857142857	0.0	0.0	0.0	0.2857142857142857	0.2857142857142857	0.14285714285714285	0.14285714285714285	0.14285714285714285
Negative_187|0	0.0	0.0	1.0	0.0	1.0	0.0	0.0	1.0	0.0	0.0	0.0	1.0	1.0	0.0	0.0	0.0	0.0	1.0	0.0	0.0	1.0	1.0	0.0	0.0	1.0	0.0	0.0	1.0	0.0	0.0	0.0	0.0	0.0	0.0	1.0	0.0	0.0	0.0	0.0
Negative_188|0	0.0	0.0	0.2	0.0	0.2	0.2	0.0	0.2	0.2	0.2	0.2	0.0	0.0	0.2	0.2	0.2	0.2	0.0	0.0	0.0	0.2	0.0	0.2	0.2	0.2	0.0	0.0	0.2	0.0	0.4	0.0	0.0	0.0	0.0	0.0	0.2	0.0	0.4	0.0
Negative_189|0	0.0	0.0	0.0	0.0	0.0	0.0	0.0	0.0	0.0	0.0	0.0	0.0	0.0	0.0	0.0	0.0	0.0	0.0	0.0	0.0	0.0	0.0	0.0	1.0	0.0	0.0	0.0	0.0	0.0	1.0	0.0	0.0	0.0	0.0	0.0	0.0	0.0	0.0	0.0
Negative_190|0	0.3	0.2	0.2	0.0	0.5	0.1	0.1	0.6	0.0	0.0	0.3	0.1	0.1	0.2	0.2	0.4	0.2	0.0	0.2	0.1	0.2	0.3	0.1	0.2	0.1	0.3	0.3	0.2	0.0	0.3	0.0	0.0	0.0	0.2	0.0	0.4	0.2	0.2	0.3
Negative_191|0	0.0	0.0	0.25	0.0	0.25	0.0	0.0	0.25	0.0	0.25	0.25	0.0	0.0	0.25	0.0	0.25	0.25	0.0	0.0	0.0	0.25	0.0	0.25	0.0	0.25	0.0	0.0	0.25	0.0	0.25	0.0	0.0	0.0	0.0	0.0	0.25	0.0	0.5	0.0
Negative_192|0	0.0	0.0	0.5	0.0	0.16666666666666666	0.16666666666666666	0.0	0.16666666666666666	0.16666666666666666	0.16666666666666666	0.5	0.0	0.0	0.5	0.16666666666666666	0.16666666666666666	0.5	0.0	0.0	0.0	0.5	0.16666666666666666	0.3333333333333333	0.0	0.5	0.0	0.0	0.16666666666666666	0.0	0.3333333333333333	0.0	0.0	0.0	0.0	0.0	0.5	0.0	0.6666666666666666	0.0
Negative_193|0	0.0	0.0	0.5	0.0	0.16666666666666666	0.16666666666666666	0.0	0.16666666666666666	0.16666666666666666	0.16666666666666666	0.5	0.0	0.16666666666666666	0.3333333333333333	0.0	0.16666666666666666	0.5	0.0	0.0	0.0	0.5	0.0	0.5	0.16666666666666666	0.5	0.0	0.0	0.16666666666666666	0.0	0.6666666666666666	0.0	0.0	0.0	0.0	0.0	0.5	0.0	0.6666666666666666	0.0
Negative_194|0	0.16666666666666666	0.0	0.16666666666666666	0.3333333333333333	0.3333333333333333	0.0	0.16666666666666666	0.3333333333333333	0.0	0.3333333333333333	0.0	0.16666666666666666	0.16666666666666666	0.0	0.0	0.5	0.0	0.16666666666666666	0.16666666666666666	0.0	0.16666666666666666	0.16666666666666666	0.16666666666666666	0.0	0.16666666666666666	0.0	0.16666666666666666	0.5	0.16666666666666666	0.0	0.16666666666666666	0.0	0.0	0.0	0.16666666666666666	0.16666666666666666	0.16666666666666666	0.3333333333333333	0.0
Negative_195|0	0.0	0.0	0.5	0.0	0.5	0.0	0.0	0.5	0.0	0.0	0.0	0.5	0.5	0.0	0.0	0.0	0.0	0.5	0.0	0.0	0.5	0.5	0.0	0.0	0.5	0.0	0.0	0.5	0.0	0.0	0.0	0.0	0.0	0.0	0.5	0.0	0.0	0.0	0.0
Negative_196|0	0.2	0.0	0.2	0.2	0.2	0.0	0.0	0.2	0.0	0.2	0.2	0.0	0.0	0.2	0.0	0.4	0.2	0.0	0.2	0.0	0.2	0.0	0.4	0.0	0.2	0.0	0.2	0.2	0.2	0.2	0.2	0.0	0.0	0.0	0.2	0.2	0.2	0.4	0.0
Negative_197|0	0.16666666666666666	0.0	0.16666666666666666	0.0	0.0	0.16666666666666666	0.0	0.16666666666666666	0.0	0.16666666666666666	0.16666666666666666	0.0	0.0	0.16666666666666666	0.0	0.0	0.16666666666666666	0.0	0.16666666666666666	0.0	0.16666666666666666	0.0	0.3333333333333333	0.0	0.16666666666666666	0.0	0.16666666666666666	0.0	0.0	0.3333333333333333	0.16666666666666666	0.0	0.0	0.0	0.16666666666666666	0.16666666666666666	0.0	0.16666666666666666	0.16666666666666666
Negative_198|0	0.5	0.0	0.5	0.25	0.25	0.25	0.0	0.5	0.0	0.25	0.25	0.25	0.5	0.0	0.0	0.25	0.25	0.25	0.25	0.0	0.5	1.0	0.0	0.0	0.5	0.0	0.5	0.5	0.0	0.0	0.0	0.0	0.25	0.0	0.75	0.0	0.25	0.25	0.25
Negative_199|0	0.0	0.0	0.4	0.0	0.0	0.2	0.0	0.0	0.2	0.0	0.4	0.0	0.0	0.4	0.2	0.0	0.4	0.0	0.0	0.0	0.4	0.0	0.4	0.2	0.4	0.0	0.0	0.0	0.0	0.6	0.0	0.0	0.0	0.0	0.0	0.4	0.0	0.4	0.0
Negative_200|0	0.2727272727272727	0.18181818181818182	0.2727272727272727	0.0	0.0	0.45454545454545453	0.0	0.45454545454545453	0.0	0.2727272727272727	0.2727272727272727	0.18181818181818182	0.0	0.45454545454545453	0.0	0.0	0.45454545454545453	0.0	0.2727272727272727	0.18181818181818182	0.2727272727272727	0.0	0.5454545454545454	0.0	0.2727272727272727	0.18181818181818182	0.2727272727272727	0.0	0.0	0.5454545454545454	0.45454545454545453	0.0	0.0	0.18181818181818182	0.2727272727272727	0.2727272727272727	0.18181818181818182	0.2727272727272727	0.2727272727272727
Negative_201|0	0.2	0.0	0.2	0.3	0.1	0.1	0.1	0.1	0.1	0.1	0.1	0.1	0.1	0.1	0.1	0.3	0.1	0.1	0.2	0.0	0.2	0.1	0.3	0.1	0.2	0.0	0.2	0.2	0.2	0.2	0.2	0.0	0.0	0.0	0.2	0.2	0.2	0.2	0.0
Negative_202|0	0.0	0.5	0.16666666666666666	0.0	0.3333333333333333	0.16666666666666666	0.0	0.5	0.0	0.0	0.3333333333333333	0.16666666666666666	0.5	0.0	0.0	0.0	0.6666666666666666	0.0	0.0	0.5	0.0	0.0	0.0	0.3333333333333333	0.0	0.5	0.0	0.0	0.0	0.3333333333333333	0.16666666666666666	0.0	0.3333333333333333	0.16666666666666666	0.0	0.0	0.5	0.16666666666666666	0.0
Negative_203|0	0.0	0.6666666666666666	0.0	0.3333333333333333	0.3333333333333333	0.3333333333333333	0.3333333333333333	0.3333333333333333	0.3333333333333333	0.0	0.6666666666666666	0.0	0.6666666666666666	0.0	0.0	0.0	0.6666666666666666	0.0	0.0	0.3333333333333333	0.3333333333333333	0.0	0.0	0.0	0.0	0.6666666666666666	0.0	0.0	0.0	0.0	0.0	0.0	0.3333333333333333	0.6666666666666666	0.3333333333333333	0.0	0.6666666666666666	0.0	0.0
Negative_204|0	0.5	0.0	0.0	0.0	0.0	0.0	0.0	0.0	0.0	0.5	0.0	0.0	0.0	0.0	0.0	0.5	0.0	0.0	0.5	0.0	0.0	0.5	0.0	0.0	0.0	0.0	0.5	0.5	0.0	0.0	0.0	0.0	0.5	0.0	0.5	0.0	0.5	0.0	0.0
Negative_205|0	0.0	0.0	0.0	0.0	0.0	0.0	0.0	1.0	0.0	0.0	0.0	0.0	0.0	0.0	1.0	0.0	0.0	1.0	0.0	0.0	0.0	0.0	0.0	1.0	0.0	0.0	0.0	0.0	0.0	1.0	0.0	0.0	0.0	1.0	0.0	0.0	0.0	0.0	0.0
Negative_206|0	0.0	0.0	0.0	0.0	0.0	0.0	0.0	0.0	0.0	0.0	0.0	0.0	0.0	0.0	0.0	0.0	0.0	0.0	0.0	0.0	0.0	0.0	0.0	0.0	0.0	0.0	0.0	0.0	0.0	0.0	0.0	0.0	0.0	0.0	0.0	0.0	0.0	0.0	0.0
Negative_207|0	0.0	0.0	0.25	0.25	0.0	0.0	0.25	0.0	0.0	0.0	0.0	0.25	0.25	0.0	0.0	0.0	0.0	0.25	0.0	0.0	0.25	0.25	0.0	0.0	0.25	0.0	0.0	0.25	0.0	0.0	0.0	0.0	0.0	0.0	0.0	0.25	0.0	0.0	0.0
Negative_208|0	0.0	0.0	0.3333333333333333	0.0	0.3333333333333333	0.0	0.0	0.3333333333333333	0.0	0.0	0.0	0.3333333333333333	0.0	0.3333333333333333	0.0	0.0	0.0	0.3333333333333333	0.0	0.0	0.3333333333333333	0.0	0.3333333333333333	0.0	0.3333333333333333	0.0	0.0	0.0	0.3333333333333333	0.0	0.0	0.0	0.0	0.0	0.0	0.3333333333333333	0.0	0.0	0.0
Negative_209|0	0.25	0.0	0.0	0.0	0.0	0.0	0.0	0.0	0.0	0.0	0.0	0.0	0.0	0.0	0.0	0.25	0.0	0.0	0.5	0.0	0.0	0.25	0.0	0.0	0.0	0.0	0.25	0.25	0.0	0.0	0.0	0.0	0.5	0.0	0.5	0.25	0.0	0.0	0.25
Negative_210|0	0.25	0.16666666666666666	0.16666666666666666	0.08333333333333333	0.5	0.08333333333333333	0.16666666666666666	0.5833333333333334	0.0	0.08333333333333333	0.25	0.08333333333333333	0.16666666666666666	0.16666666666666666	0.16666666666666666	0.5	0.16666666666666666	0.0	0.25	0.16666666666666666	0.16666666666666666	0.25	0.16666666666666666	0.16666666666666666	0.08333333333333333	0.25	0.3333333333333333	0.25	0.08333333333333333	0.25	0.0	0.0	0.0	0.16666666666666666	0.08333333333333333	0.3333333333333333	0.16666666666666666	0.16666666666666666	0.25
Negative_211|0	0.35294117647058826	0.11764705882352941	0.35294117647058826	0.17647058823529413	0.058823529411764705	0.35294117647058826	0.23529411764705882	0.11764705882352941	0.29411764705882354	0.17647058823529413	0.5294117647058824	0.058823529411764705	0.5294117647058824	0.17647058823529413	0.0	0.058823529411764705	0.4117647058823529	0.058823529411764705	0.17647058823529413	0.29411764705882354	0.4117647058823529	0.11764705882352941	0.47058823529411764	0.11764705882352941	0.4117647058823529	0.17647058823529413	0.17647058823529413	0.058823529411764705	0.058823529411764705	0.5294117647058824	0.29411764705882354	0.058823529411764705	0.17647058823529413	0.11764705882352941	0.29411764705882354	0.29411764705882354	0.058823529411764705	0.35294117647058826	0.4117647058823529
Negative_212|0	0.0	1.0	0.0	0.0	0.0	1.0	0.0	0.0	1.0	0.0	1.0	0.0	0.0	1.0	0.0	0.0	1.0	0.0	0.0	1.0	0.0	0.0	0.0	0.0	0.0	1.0	0.0	0.0	0.0	0.0	1.0	0.0	0.0	1.0	0.0	0.0	1.0	0.0	0.0
Negative_213|0	0.3333333333333333	0.6666666666666666	0.0	0.0	0.6666666666666666	0.0	0.0	0.6666666666666666	0.0	0.3333333333333333	0.6666666666666666	0.0	0.6666666666666666	0.0	0.0	0.3333333333333333	0.6666666666666666	0.0	0.3333333333333333	0.3333333333333333	0.3333333333333333	0.3333333333333333	0.0	0.0	0.0	0.6666666666666666	0.3333333333333333	0.3333333333333333	0.0	0.0	0.0	0.0	0.0	0.0	0.6666666666666666	0.0	1.0	0.0	0.0
Negative_214|0	0.5	0.0	0.5	0.0	0.0	0.5	0.0	0.0	0.5	0.0	0.5	0.0	0.0	0.5	0.0	0.0	0.5	0.0	0.5	0.0	0.5	0.0	1.0	0.0	0.5	0.0	0.5	0.0	0.0	1.0	0.5	0.0	0.0	0.0	0.5	0.5	0.0	0.5	0.5
Negative_215|0	0.16666666666666666	0.0	0.5	0.16666666666666666	0.16666666666666666	0.16666666666666666	0.0	0.16666666666666666	0.16666666666666666	0.16666666666666666	0.5	0.0	0.0	0.5	0.16666666666666666	0.3333333333333333	0.5	0.0	0.16666666666666666	0.0	0.5	0.16666666666666666	0.5	0.0	0.5	0.0	0.16666666666666666	0.16666666666666666	0.16666666666666666	0.3333333333333333	0.16666666666666666	0.0	0.0	0.0	0.16666666666666666	0.5	0.16666666666666666	0.6666666666666666	0.0
Negative_216|0	0.3333333333333333	0.0	0.3333333333333333	0.0	0.0	0.3333333333333333	0.0	0.3333333333333333	0.0	0.3333333333333333	0.3333333333333333	0.0	0.0	0.3333333333333333	0.0	0.0	0.3333333333333333	0.0	0.3333333333333333	0.0	0.3333333333333333	0.0	0.6666666666666666	0.0	0.3333333333333333	0.0	0.3333333333333333	0.0	0.0	0.6666666666666666	0.3333333333333333	0.0	0.0	0.0	0.3333333333333333	0.3333333333333333	0.0	0.3333333333333333	0.3333333333333333
Negative_217|0	0.0	0.0	0.5	0.3333333333333333	0.3333333333333333	0.16666666666666666	0.0	0.5	0.0	0.16666666666666666	0.16666666666666666	0.3333333333333333	0.5	0.16666666666666666	0.0	0.0	0.0	0.5	0.0	0.0	0.6666666666666666	0.5	0.0	0.0	0.5	0.0	0.0	0.5	0.0	0.0	0.0	0.0	0.0	0.16666666666666666	0.3333333333333333	0.3333333333333333	0.0	0.3333333333333333	0.0
Negative_218|0	0.0	1.0	0.0	0.0	1.0	0.0	0.0	1.0	0.0	0.0	1.0	0.0	0.0	1.0	0.0	0.0	1.0	0.0	0.0	1.0	0.0	0.0	0.0	0.0	0.0	1.0	0.0	0.0	0.0	0.0	0.0	0.0	1.0	1.0	0.0	0.0	1.0	0.0	0.0
Negative_219|0	0.16666666666666666	0.16666666666666666	0.3333333333333333	0.16666666666666666	0.16666666666666666	0.3333333333333333	0.16666666666666666	0.3333333333333333	0.16666666666666666	0.16666666666666666	0.5	0.0	0.3333333333333333	0.3333333333333333	0.16666666666666666	0.16666666666666666	0.5	0.0	0.16666666666666666	0.16666666666666666	0.5	0.16666666666666666	0.3333333333333333	0.16666666666666666	0.3333333333333333	0.16666666666666666	0.16666666666666666	0.16666666666666666	0.0	0.5	0.0	0.0	0.3333333333333333	0.16666666666666666	0.3333333333333333	0.3333333333333333	0.16666666666666666	0.5	0.16666666666666666
Negative_220|0	0.0	0.0	0.0	0.0	0.0	0.0	0.0	0.0	0.0	0.0	0.0	0.0	0.0	0.0	0.0	0.0	0.0	0.0	0.0	0.0	0.0	0.0	0.0	0.0	0.0	0.0	0.0	0.0	0.0	0.0	0.0	0.0	0.0	0.0	0.0	0.0	0.0	0.0	0.0
Negative_221|0	0.1111111111111111	0.1111111111111111	0.4444444444444444	0.1111111111111111	0.1111111111111111	0.2222222222222222	0.1111111111111111	0.1111111111111111	0.2222222222222222	0.1111111111111111	0.4444444444444444	0.1111111111111111	0.2222222222222222	0.3333333333333333	0.1111111111111111	0.2222222222222222	0.5555555555555556	0.0	0.1111111111111111	0.1111111111111111	0.4444444444444444	0.2222222222222222	0.3333333333333333	0.1111111111111111	0.4444444444444444	0.1111111111111111	0.1111111111111111	0.1111111111111111	0.1111111111111111	0.3333333333333333	0.2222222222222222	0.0	0.0	0.1111111111111111	0.1111111111111111	0.4444444444444444	0.2222222222222222	0.5555555555555556	0.0
Negative_222|0	0.18181818181818182	0.09090909090909091	0.36363636363636365	0.18181818181818182	0.18181818181818182	0.2727272727272727	0.2727272727272727	0.2727272727272727	0.18181818181818182	0.18181818181818182	0.2727272727272727	0.18181818181818182	0.18181818181818182	0.2727272727272727	0.18181818181818182	0.18181818181818182	0.2727272727272727	0.18181818181818182	0.18181818181818182	0.09090909090909091	0.36363636363636365	0.18181818181818182	0.36363636363636365	0.18181818181818182	0.36363636363636365	0.09090909090909091	0.18181818181818182	0.18181818181818182	0.18181818181818182	0.36363636363636365	0.09090909090909091	0.0	0.18181818181818182	0.18181818181818182	0.2727272727272727	0.2727272727272727	0.18181818181818182	0.2727272727272727	0.09090909090909091
Negative_223|0	0.0	0.0	1.0	0.0	0.0	0.0	0.0	0.0	0.0	0.0	1.0	0.0	0.0	1.0	0.0	0.0	1.0	0.0	0.0	0.0	1.0	0.0	1.0	0.0	1.0	0.0	0.0	0.0	0.0	1.0	0.0	0.0	0.0	0.0	0.0	1.0	0.0	1.0	0.0
Negative_224|0	0.0	0.0	0.0	0.0	0.0	0.0	0.0	0.0	0.0	0.0	0.0	0.0	0.0	0.0	1.0	0.0	0.0	0.0	0.0	0.0	0.0	0.0	0.0	0.0	0.0	0.0	0.0	0.0	0.0	0.0	0.0	0.0	0.0	1.0	0.0	0.0	0.0	0.0	0.0
Negative_225|0	0.0	0.0	0.6	0.0	0.4	0.6	0.0	0.4	0.6	0.2	0.4	0.2	0.6	0.0	0.0	0.2	0.4	0.2	0.0	0.0	0.6	0.6	0.0	0.0	0.6	0.0	0.0	0.4	0.0	0.0	0.0	0.0	0.0	0.2	0.2	0.4	0.0	0.6	0.0
Negative_226|0	0.3333333333333333	0.0	0.3333333333333333	0.0	0.0	0.3333333333333333	0.0	0.3333333333333333	0.0	0.3333333333333333	0.3333333333333333	0.0	0.0	0.3333333333333333	0.0	0.0	0.3333333333333333	0.0	0.3333333333333333	0.0	0.3333333333333333	0.0	0.6666666666666666	0.0	0.3333333333333333	0.0	0.3333333333333333	0.0	0.0	0.6666666666666666	0.3333333333333333	0.0	0.0	0.0	0.3333333333333333	0.3333333333333333	0.0	0.3333333333333333	0.3333333333333333
Negative_227|0	0.2	0.0	0.2	0.0	0.0	0.2	0.0	0.2	0.0	0.2	0.2	0.0	0.0	0.2	0.0	0.0	0.2	0.0	0.2	0.0	0.2	0.0	0.4	0.0	0.2	0.0	0.2	0.0	0.0	0.4	0.2	0.0	0.0	0.0	0.2	0.2	0.0	0.2	0.2
Negative_228|0	0.125	0.125	0.375	0.125	0.125	0.25	0.0	0.25	0.125	0.125	0.375	0.125	0.125	0.375	0.0	0.25	0.25	0.0	0.125	0.125	0.375	0.125	0.375	0.25	0.375	0.125	0.125	0.125	0.125	0.5	0.25	0.0	0.0	0.25	0.0	0.25	0.125	0.375	0.125
Negative_229|0	0.0	0.0	0.0	0.0	1.0	0.0	0.0	1.0	0.0	0.0	0.0	1.0	1.0	0.0	0.0	1.0	0.0	0.0	0.0	0.0	1.0	0.0	1.0	0.0	1.0	0.0	0.0	0.0	1.0	0.0	0.0	0.0	0.0	0.0	0.0	1.0	0.0	1.0	0.0
Negative_230|0	0.0	0.0	0.0	0.0	0.0	0.0	0.0	0.0	0.0	0.0	1.0	0.0	1.0	0.0	0.0	0.0	0.0	0.0	0.0	0.0	1.0	0.0	1.0	0.0	1.0	0.0	0.0	0.0	0.0	1.0	0.0	0.0	0.0	0.0	0.0	1.0	0.0	0.0	0.0
Negative_231|0	0.16666666666666666	0.0	0.3333333333333333	0.16666666666666666	0.3333333333333333	0.0	0.0	0.3333333333333333	0.0	0.16666666666666666	0.16666666666666666	0.16666666666666666	0.0	0.3333333333333333	0.0	0.3333333333333333	0.16666666666666666	0.16666666666666666	0.16666666666666666	0.0	0.3333333333333333	0.0	0.5	0.0	0.3333333333333333	0.0	0.16666666666666666	0.16666666666666666	0.3333333333333333	0.16666666666666666	0.16666666666666666	0.0	0.0	0.0	0.16666666666666666	0.3333333333333333	0.16666666666666666	0.3333333333333333	0.0
Negative_232|0	0.0	0.0	0.0	0.0	0.5	0.0	0.0	0.5	0.0	0.0	0.0	0.5	0.5	0.0	0.0	0.5	0.0	0.0	0.0	0.0	0.5	0.0	0.5	0.0	0.5	0.0	0.0	0.0	0.5	0.0	0.0	0.0	0.0	0.0	0.0	0.5	0.0	0.5	0.0
Negative_233|0	0.0	0.0	1.0	0.0	1.0	0.0	0.0	1.0	0.0	0.0	0.0	1.0	0.0	1.0	0.0	0.0	0.0	1.0	0.0	0.0	1.0	0.0	1.0	0.0	1.0	0.0	0.0	0.0	1.0	0.0	0.0	0.0	0.0	0.0	0.0	1.0	0.0	0.0	0.0
Negative_234|0	0.0	0.0	0.0	0.0	0.0	0.0	0.0	0.0	0.0	0.0	1.0	0.0	1.0	0.0	0.0	0.0	0.0	0.0	0.0	0.0	1.0	0.0	1.0	0.0	1.0	0.0	0.0	0.0	0.0	1.0	0.0	0.0	0.0	0.0	0.0	1.0	0.0	0.0	0.0
Negative_235|0	0.0	0.0	0.0	0.0	0.0	0.0	0.0	0.0	0.0	0.0	0.0	0.0	0.0	0.0	0.0	0.0	0.0	0.0	0.0	0.0	0.0	0.0	0.0	0.0	0.0	0.0	0.0	0.0	0.0	0.0	0.0	0.0	0.0	0.0	0.0	0.0	0.0	0.0	0.0
Negative_236|0	0.0	0.0	0.0	0.0	0.5	0.0	0.0	0.5	0.0	0.0	0.0	0.5	0.5	0.0	0.0	0.5	0.0	0.0	0.0	0.0	0.5	0.0	0.5	0.0	0.5	0.0	0.0	0.0	0.5	0.0	0.0	0.0	0.0	0.0	0.0	0.5	0.0	0.5	0.0
Negative_237|0	0.2857142857142857	0.14285714285714285	0.2857142857142857	0.0	0.0	0.42857142857142855	0.0	0.42857142857142855	0.0	0.2857142857142857	0.2857142857142857	0.14285714285714285	0.0	0.42857142857142855	0.0	0.0	0.42857142857142855	0.0	0.2857142857142857	0.14285714285714285	0.2857142857142857	0.0	0.5714285714285714	0.0	0.2857142857142857	0.14285714285714285	0.2857142857142857	0.0	0.0	0.5714285714285714	0.42857142857142855	0.0	0.0	0.14285714285714285	0.2857142857142857	0.2857142857142857	0.14285714285714285	0.2857142857142857	0.2857142857142857
Negative_238|0	0.0	1.0	0.0	0.0	1.0	0.0	0.0	1.0	0.0	0.0	1.0	0.0	0.0	1.0	0.0	0.0	1.0	0.0	0.0	1.0	0.0	0.0	0.0	0.0	0.0	1.0	0.0	0.0	0.0	0.0	0.0	0.0	1.0	1.0	0.0	0.0	1.0	0.0	0.0
Negative_239|0	0.0	0.0	1.0	0.0	1.0	0.0	0.0	1.0	0.0	0.0	1.0	0.0	0.0	1.0	0.0	0.0	0.0	1.0	0.0	1.0	0.0	1.0	0.0	0.0	1.0	0.0	0.0	1.0	0.0	0.0	0.0	0.0	0.0	0.0	0.0	1.0	0.0	1.0	0.0
Negative_240|0	0.0	0.0	1.0	0.0	0.0	0.0	1.0	0.0	0.0	0.0	0.0	1.0	0.0	0.0	0.0	0.0	0.0	1.0	0.0	0.0	0.0	1.0	0.0	0.0	1.0	0.0	0.0	1.0	0.0	0.0	0.0	0.0	0.0	1.0	0.0	0.0	0.0	0.0	0.0
